date,status,exchanges,id,label,estimatedNetFlowCny,estimatedNetFlowYi,grossInflowYi,grossOutflowYi,funds,pricedFunds,excludedRecords
2026-08-14,complete,SSE|SZSE,all-a,全A,-4473346150,-44.7335,68.0553,-112.7888,1258,1256,2
2026-08-14,complete,SSE|SZSE,broad,宽基,-2530533900,-25.3053,18.6984,-44.0037,106,106,0
2026-08-14,complete,SSE|SZSE,industry,行业,-385527350,-3.8553,36.77,-40.6253,540,539,1
2026-08-14,complete,SSE|SZSE,hong-kong,港股,-51282000,-0.5128,0.3463,-0.8591,18,18,0
2026-08-14,complete,SSE|SZSE,gold,黄金,-1426475800,-14.2648,0.1093,-14.3741,14,14,0
2026-08-14,complete,SSE|SZSE,bond,债券,2816784470,28.1678,28.829,-0.6612,50,50,0
2026-08-17,complete,SSE|SZSE,all-a,全A,-18690750350,-186.9075,45.2372,-232.1447,1258,1257,1
2026-08-17,complete,SSE|SZSE,broad,宽基,-11591413700,-115.9141,8.3043,-124.2185,106,106,0
2026-08-17,complete,SSE|SZSE,industry,行业,-5641150500,-56.4115,17.6291,-74.0406,540,540,0
2026-08-17,complete,SSE|SZSE,hong-kong,港股,-283270000,-2.8327,0,-2.8327,18,18,0
2026-08-17,complete,SSE|SZSE,gold,黄金,-525157400,-5.2516,1.8714,-7.123,14,14,0
2026-08-17,complete,SSE|SZSE,bond,债券,2755882676,27.5588,33.1543,-5.5955,50,50,0
2026-08-18,complete,SSE|SZSE,all-a,全A,-12688384700,-126.8838,86.7163,-213.6002,1260,1259,1
2026-08-18,complete,SSE|SZSE,broad,宽基,-11948580900,-119.4858,8.0374,-127.5232,106,106,0
2026-08-18,complete,SSE|SZSE,industry,行业,288730600,2.8873,47.1061,-44.2188,541,541,0
2026-08-18,complete,SSE|SZSE,hong-kong,港股,93047000,0.9305,1.5281,-0.5977,18,18,0
2026-08-18,complete,SSE|SZSE,gold,黄金,257077300,2.5708,5.9603,-3.3895,14,14,0
2026-08-18,complete,SSE|SZSE,bond,债券,4548307170,45.4831,47.2379,-1.7549,50,50,0
2026-08-19,complete,SSE|SZSE,all-a,全A,52094633600,520.9463,574.0095,-53.0631,1260,1257,3
2026-08-19,complete,SSE|SZSE,broad,宽基,33608035200,336.0804,336.4775,-0.3972,106,106,0
2026-08-19,complete,SSE|SZSE,industry,行业,9830104300,98.301,130.913,-32.6119,541,539,2
2026-08-19,complete,SSE|SZSE,hong-kong,港股,-104320000,-1.0432,0.0901,-1.1333,18,18,0
2026-08-19,complete,SSE|SZSE,gold,黄金,336494300,3.3649,4.8542,-1.4892,14,14,0
2026-08-19,complete,SSE|SZSE,bond,债券,4304012560,43.0401,43.0401,0,50,50,0
2026-08-20,complete,SSE|SZSE,all-a,全A,-2943223000,-29.4322,113.164,-142.5962,1262,1257,5
2026-08-20,complete,SSE|SZSE,broad,宽基,-3118309700,-31.1831,30.8616,-62.0447,106,106,0
2026-08-20,complete,SSE|SZSE,industry,行业,-644631300,-6.4463,41.6974,-48.1437,543,540,3
2026-08-20,complete,SSE|SZSE,hong-kong,港股,-474072000,-4.7407,0,-4.7407,18,18,0
2026-08-20,complete,SSE|SZSE,gold,黄金,221286500,2.2129,4.9818,-2.7689,14,14,0
2026-08-20,complete,SSE|SZSE,bond,债券,728757868,7.2876,13.9991,-6.7116,50,50,0
2026-08-21,complete,SSE|SZSE,all-a,全A,-10004909750,-100.0491,48.2272,-148.2763,1263,1260,3
2026-08-21,complete,SSE|SZSE,broad,宽基,-8485605200,-84.8561,3.4757,-88.3318,106,106,0
2026-08-21,complete,SSE|SZSE,industry,行业,-1083435800,-10.8344,26.0506,-36.885,544,543,1
2026-08-21,complete,SSE|SZSE,hong-kong,港股,-120162000,-1.2016,0,-1.2016,18,18,0
2026-08-21,complete,SSE|SZSE,gold,黄金,1810685500,18.1069,18.8091,-0.7022,14,14,0
2026-08-21,complete,SSE|SZSE,bond,债券,881989244,8.8199,10.5021,-1.6822,50,50,0
2026-08-24,complete,SSE|SZSE,all-a,全A,10599412900,105.9941,179.7503,-73.7562,1266,1265,1
2026-08-24,complete,SSE|SZSE,broad,宽基,8781448500,87.8145,106.2244,-18.41,106,106,0
2026-08-24,complete,SSE|SZSE,industry,行业,2011523050,20.1152,48.6732,-28.558,546,546,0
2026-08-24,complete,SSE|SZSE,hong-kong,港股,215893000,2.1589,2.8008,-0.6419,18,18,0
2026-08-24,complete,SSE|SZSE,gold,黄金,2510297500,25.103,25.2331,-0.1301,14,14,0
2026-08-24,complete,SSE|SZSE,bond,债券,4070138982,40.7014,43.81,-3.1087,50,50,0
2026-08-25,complete,SSE|SZSE,all-a,全A,16050360300,160.5036,198.9222,-38.4186,1267,1265,2
2026-08-25,complete,SSE|SZSE,broad,宽基,11382068600,113.8207,116.8721,-3.0514,106,106,0
2026-08-25,complete,SSE|SZSE,industry,行业,907217850,9.0722,33.502,-24.4298,547,547,0
2026-08-25,complete,SSE|SZSE,hong-kong,港股,75276000,0.7528,0.8704,-0.1177,18,18,0
2026-08-25,complete,SSE|SZSE,gold,黄金,631782500,6.3178,8.6377,-2.3198,14,14,0
2026-08-25,complete,SSE|SZSE,bond,债券,3707980448,37.0798,40.3122,-3.2324,50,50,0
2026-08-26,complete,SSE|SZSE,all-a,全A,-11935936700,-119.3594,46.5655,-165.9249,1267,1266,1
2026-08-26,complete,SSE|SZSE,broad,宽基,-5195342800,-51.9534,14.3606,-66.314,106,106,0
2026-08-26,complete,SSE|SZSE,industry,行业,-5813066400,-58.1307,15.7353,-73.866,547,547,0
2026-08-26,complete,SSE|SZSE,hong-kong,港股,-174931000,-1.7493,0.0992,-1.8485,18,18,0
2026-08-26,complete,SSE|SZSE,gold,黄金,-213682200,-2.1368,2.0243,-4.1612,14,14,0
2026-08-26,complete,SSE|SZSE,bond,债券,1506109158,15.0611,23.2575,-8.1964,50,50,0
2026-08-27,complete,SSE|SZSE,all-a,全A,-8567339300,-85.6734,76.1092,-161.7826,1271,1270,1
2026-08-27,complete,SSE|SZSE,broad,宽基,-3199943400,-31.9994,38.4787,-70.4782,106,106,0
2026-08-27,complete,SSE|SZSE,industry,行业,-3884174400,-38.8417,19.5471,-58.3888,550,550,0
2026-08-27,complete,SSE|SZSE,hong-kong,港股,-38468000,-0.3847,0.0443,-0.429,18,18,0
2026-08-27,complete,SSE|SZSE,gold,黄金,-320962700,-3.2096,0.3409,-3.5505,14,14,0
2026-08-27,complete,SSE|SZSE,bond,债券,267006682,2.6701,6.8566,-4.1866,50,50,0
2026-08-28,complete,SSE|SZSE,all-a,全A,-3584160500,-35.8416,65.5628,-101.4044,1273,1272,1
2026-08-28,complete,SSE|SZSE,broad,宽基,-4143174000,-41.4317,8.3214,-49.7532,106,106,0
2026-08-28,complete,SSE|SZSE,industry,行业,-134913200,-1.3491,32.037,-33.3861,551,551,0
2026-08-28,complete,SSE|SZSE,hong-kong,港股,-19496000,-0.195,0.1824,-0.3773,18,18,0
2026-08-28,complete,SSE|SZSE,gold,黄金,-375589500,-3.7559,0.2149,-3.9708,14,14,0
2026-08-28,complete,SSE|SZSE,bond,债券,-622227500,-6.2223,3.7406,-9.9629,50,50,0
2026-08-31,complete,SSE|SZSE,all-a,全A,81339850,0.8134,81.4036,-80.5902,1274,1272,2
2026-08-31,complete,SSE|SZSE,broad,宽基,2020395700,20.204,34.0104,-13.8064,106,106,0
2026-08-31,complete,SSE|SZSE,industry,行业,-1683437650,-16.8344,26.8011,-43.6355,551,551,0
2026-08-31,complete,SSE|SZSE,hong-kong,港股,-33497000,-0.335,0.9171,-1.2521,18,18,0
2026-08-31,complete,SSE|SZSE,gold,黄金,549440200,5.4944,6.6937,-1.1993,14,14,0
2026-08-31,complete,SSE|SZSE,bond,债券,892094740,8.9209,16.148,-7.2271,50,50,0
2026-09-01,complete,SSE|SZSE,all-a,全A,-7566760900,-75.6676,112.7403,-188.4079,1273,1272,1
2026-09-01,complete,SSE|SZSE,broad,宽基,-8372723700,-83.7272,22.4452,-106.1724,106,106,0
2026-09-01,complete,SSE|SZSE,industry,行业,880957300,8.8096,52.9886,-44.179,551,551,0
2026-09-01,complete,SSE|SZSE,hong-kong,港股,170000,0.0017,0.4961,-0.4944,18,18,0
2026-09-01,complete,SSE|SZSE,gold,黄金,625560100,6.2556,8.0903,-1.8347,14,14,0
2026-09-01,complete,SSE|SZSE,bond,债券,2206829512,22.0683,27.3733,-5.305,50,50,0
2026-09-02,complete,SSE|SZSE,all-a,全A,-3016354050,-30.1635,78.1634,-108.3269,1275,1274,1
2026-09-02,complete,SSE|SZSE,broad,宽基,-1592626100,-15.9263,26.9078,-42.834,106,106,0
2026-09-02,complete,SSE|SZSE,industry,行业,-174631100,-1.7463,33.75,-35.4963,552,551,1
2026-09-02,complete,SSE|SZSE,hong-kong,港股,427660000,4.2766,4.599,-0.3224,18,18,0
2026-09-02,complete,SSE|SZSE,gold,黄金,777735100,7.7774,7.9568,-0.1795,14,14,0
2026-09-02,complete,SSE|SZSE,bond,债券,1836776302,18.3678,23.5791,-5.2113,50,50,0
2026-09-03,complete,SSE|SZSE,all-a,全A,5691893600,56.9189,108.3818,-51.4628,1276,1276,0
2026-09-03,complete,SSE|SZSE,broad,宽基,4882854800,48.8285,51.5635,-2.7349,106,106,0
2026-09-03,complete,SSE|SZSE,industry,行业,845167800,8.4517,32.1761,-23.7244,553,553,0
2026-09-03,complete,SSE|SZSE,hong-kong,港股,169475000,1.6947,2.0219,-0.3272,18,18,0
2026-09-03,complete,SSE|SZSE,gold,黄金,609681900,6.0968,6.9982,-0.9014,14,14,0
2026-09-03,complete,SSE|SZSE,bond,债券,3019664254,30.1966,36.8607,-6.6641,50,50,0
2026-09-04,complete,SSE|SZSE,all-a,全A,15806471150,158.0647,223.4851,-65.4204,1278,1277,1
2026-09-04,complete,SSE|SZSE,broad,宽基,13475466900,134.7547,135.2187,-0.4641,106,106,0
2026-09-04,complete,SSE|SZSE,industry,行业,1008014800,10.0801,53.7984,-43.7183,555,554,1
2026-09-04,complete,SSE|SZSE,hong-kong,港股,-11899000,-0.119,0.4728,-0.5918,18,18,0
2026-09-04,complete,SSE|SZSE,gold,黄金,432694200,4.3269,4.6884,-0.3614,14,14,0
2026-09-04,complete,SSE|SZSE,bond,债券,3458808086,34.5881,36.2852,-1.6971,50,50,0
2026-09-07,complete,SSE|SZSE,all-a,全A,-3283576500,-32.8358,119.75,-152.5858,1281,1279,2
2026-09-07,complete,SSE|SZSE,broad,宽基,1216746200,12.1675,74.9951,-62.8277,106,106,0
2026-09-07,complete,SSE|SZSE,industry,行业,-1956721200,-19.5672,28.85,-48.4172,557,557,0
2026-09-07,complete,SSE|SZSE,hong-kong,港股,63950000,0.6395,0.6797,-0.0402,18,18,0
2026-09-07,complete,SSE|SZSE,gold,黄金,562019800,5.6202,5.8805,-0.2603,14,14,0
2026-09-07,complete,SSE|SZSE,bond,债券,2735947920,27.3595,29.664,-2.3045,50,50,0
2026-09-08,complete,SSE|SZSE,all-a,全A,-2704395600,-27.044,71.3291,-98.3731,1282,1279,3
2026-09-08,complete,SSE|SZSE,broad,宽基,-4269747700,-42.6975,12.8972,-55.5946,106,106,0
2026-09-08,complete,SSE|SZSE,industry,行业,1839683300,18.3968,37.5533,-19.1564,557,556,1
2026-09-08,complete,SSE|SZSE,hong-kong,港股,235324000,2.3532,2.5392,-0.186,18,18,0
2026-09-08,complete,SSE|SZSE,gold,黄金,372522900,3.7252,4.1642,-0.439,14,14,0
2026-09-08,complete,SSE|SZSE,bond,债券,5824084534,58.2408,61.3863,-3.1455,50,50,0
2026-09-09,complete,SSE|SZSE,all-a,全A,-1960689800,-19.6069,64.7023,-84.3092,1282,1281,1
2026-09-09,complete,SSE|SZSE,broad,宽基,-2940970000,-29.4097,12.2708,-41.6805,106,106,0
2026-09-09,complete,SSE|SZSE,industry,行业,1575458900,15.7546,34.6536,-18.899,557,557,0
2026-09-09,complete,SSE|SZSE,hong-kong,港股,459645000,4.5964,4.7011,-0.1047,18,18,0
2026-09-09,complete,SSE|SZSE,gold,黄金,586538300,5.8654,5.998,-0.1326,14,14,0
2026-09-09,complete,SSE|SZSE,bond,债券,4214564004,42.1456,47.2933,-5.1477,50,50,0
2026-09-10,complete,SSE|SZSE,all-a,全A,2604131450,26.0413,70.1788,-44.1375,1282,1281,1
2026-09-10,complete,SSE|SZSE,broad,宽基,1941990600,19.4199,31.3537,-11.9338,106,106,0
2026-09-10,complete,SSE|SZSE,industry,行业,-77965000,-0.7796,17.6019,-18.3816,557,557,0
2026-09-10,complete,SSE|SZSE,hong-kong,港股,1663818000,16.6382,16.7175,-0.0794,18,18,0
2026-09-10,complete,SSE|SZSE,gold,黄金,732643200,7.3264,7.3264,0,14,14,0
2026-09-10,complete,SSE|SZSE,bond,债券,2099447940,20.9945,27.0602,-6.0657,50,50,0
2026-09-11,complete,SSE|SZSE,all-a,全A,9452582350,94.5258,174.2921,-79.7663,1284,1282,2
2026-09-11,complete,SSE|SZSE,broad,宽基,3741726800,37.4173,78.789,-41.3717,106,106,0
2026-09-11,complete,SSE|SZSE,industry,行业,3867567700,38.6757,60.9715,-22.2959,558,557,1
2026-09-11,complete,SSE|SZSE,hong-kong,港股,944893000,9.4489,9.4543,-0.0054,18,18,0
2026-09-11,complete,SSE|SZSE,gold,黄金,1014486200,10.1449,10.2255,-0.0806,14,14,0
2026-09-11,complete,SSE|SZSE,bond,债券,2483037472,24.8304,26.1692,-1.3389,50,50,0
2026-09-14,complete,SSE|SZSE,all-a,全A,2219172700,22.1917,78.5976,-56.4059,1286,1284,2
2026-09-14,complete,SSE|SZSE,broad,宽基,2116913100,21.1691,32.8213,-11.6521,106,106,0
2026-09-14,complete,SSE|SZSE,industry,行业,-283175200,-2.8318,25.2837,-28.1154,560,559,1
2026-09-14,complete,SSE|SZSE,hong-kong,港股,-79282000,-0.7928,1.7181,-2.511,18,18,0
2026-09-14,complete,SSE|SZSE,gold,黄金,1276724300,12.7672,13.1218,-0.3545,14,14,0
2026-09-14,complete,SSE|SZSE,bond,债券,2717007270,27.1701,30.9166,-3.7465,50,50,0
2026-09-15,complete,SSE|SZSE,all-a,全A,-2440292400,-24.4029,90.4999,-114.9028,1289,1288,1
2026-09-15,complete,SSE|SZSE,broad,宽基,3027864400,30.2786,58.9902,-28.7115,106,106,0
2026-09-15,complete,SSE|SZSE,industry,行业,-4656426100,-46.5643,9.5181,-56.0824,560,560,0
2026-09-15,complete,SSE|SZSE,hong-kong,港股,148300000,1.483,1.5374,-0.0544,18,18,0
2026-09-15,complete,SSE|SZSE,gold,黄金,526673100,5.2667,5.3221,-0.0553,14,14,0
2026-09-15,complete,SSE|SZSE,bond,债券,3920653832,39.2065,42.5786,-3.3721,50,50,0
2026-09-16,complete,SSE|SZSE,all-a,全A,5169552850,51.6955,144.6351,-92.9396,1291,1290,1
2026-09-16,complete,SSE|SZSE,broad,宽基,6398120700,63.9812,84.0266,-20.0454,106,106,0
2026-09-16,complete,SSE|SZSE,industry,行业,-1005689400,-10.0569,29.5656,-39.6225,562,562,0
2026-09-16,complete,SSE|SZSE,hong-kong,港股,404446000,4.0445,4.1099,-0.0655,18,18,0
2026-09-16,complete,SSE|SZSE,gold,黄金,654772800,6.5477,6.6876,-0.1399,14,14,0
2026-09-16,complete,SSE|SZSE,bond,债券,7121137056,71.2114,75.1232,-3.9119,50,50,0
2026-09-17,complete,SSE|SZSE,all-a,全A,-5843962300,-58.4396,37.4268,-95.8665,1294,1292,2
2026-09-17,complete,SSE|SZSE,broad,宽基,-1853527200,-18.5353,12.6138,-31.1491,106,106,0
2026-09-17,complete,SSE|SZSE,industry,行业,-2637959500,-26.3796,14.3221,-40.7017,564,563,1
2026-09-17,complete,SSE|SZSE,hong-kong,港股,428858000,4.2886,4.424,-0.1355,18,18,0
2026-09-17,complete,SSE|SZSE,gold,黄金,949760700,9.4976,10.1432,-0.6456,14,14,0
2026-09-17,complete,SSE|SZSE,bond,债券,4795592796,47.9559,55.8199,-7.864,50,50,0
2026-09-18,complete,SSE|SZSE,all-a,全A,-5711286600,-57.1129,58.6565,-115.7694,1298,1297,1
2026-09-18,complete,SSE|SZSE,broad,宽基,-2884929700,-28.8493,13.1505,-41.9997,106,106,0
2026-09-18,complete,SSE|SZSE,industry,行业,-2390532700,-23.9053,24.72,-48.6254,565,565,0
2026-09-18,complete,SSE|SZSE,hong-kong,港股,-117902000,-1.179,0.9181,-2.0971,18,18,0
2026-09-18,complete,SSE|SZSE,gold,黄金,861852600,8.6185,8.6467,-0.0282,14,14,0
2026-09-18,complete,SSE|SZSE,bond,债券,5064028420,50.6403,57.3214,-6.6812,50,50,0
2026-09-21,complete,SSE|SZSE,all-a,全A,-6677076250,-66.7708,67.4776,-134.2484,1299,1296,3
2026-09-21,complete,SSE|SZSE,broad,宽基,-4606044200,-46.0604,13.3724,-59.4329,106,106,0
2026-09-21,complete,SSE|SZSE,industry,行业,-2582698250,-25.827,25.1704,-50.9974,565,565,0
2026-09-21,complete,SSE|SZSE,hong-kong,港股,-28457000,-0.2846,0.0113,-0.2958,18,18,0
2026-09-21,complete,SSE|SZSE,gold,黄金,1098535400,10.9854,10.9854,0,14,14,0
2026-09-21,complete,SSE|SZSE,bond,债券,7268050878,72.6805,84.1431,-11.4626,50,50,0
2026-09-22,complete,SSE|SZSE,all-a,全A,2854884450,28.5488,132.145,-103.5962,1301,1300,1
2026-09-22,complete,SSE|SZSE,broad,宽基,2313634100,23.1363,62.1493,-39.013,106,106,0
2026-09-22,complete,SSE|SZSE,industry,行业,-1569822050,-15.6982,26.4743,-42.1725,567,567,0
2026-09-22,complete,SSE|SZSE,hong-kong,港股,3147000,0.0315,0.4734,-0.4419,18,18,0
2026-09-22,complete,SSE|SZSE,gold,黄金,452761400,4.5276,5.8387,-1.3111,14,14,0
2026-09-22,complete,SSE|SZSE,bond,债券,9510058490,95.1006,111.6786,-16.578,50,50,0
2026-09-23,complete,SSE|SZSE,all-a,全A,3621397950,36.214,97.295,-61.081,1304,1302,2
2026-09-23,complete,SSE|SZSE,broad,宽基,4979176500,49.7918,61.9192,-12.1274,106,106,0
2026-09-23,complete,SSE|SZSE,industry,行业,-2344321200,-23.4432,11.9303,-35.3735,569,569,0
2026-09-23,complete,SSE|SZSE,hong-kong,港股,546000,0.0055,0.0055,0,18,18,0
2026-09-23,complete,SSE|SZSE,gold,黄金,-198809600,-1.9881,4.4319,-6.42,14,14,0
2026-09-23,complete,SSE|SZSE,bond,债券,6514202390,65.142,74.1218,-8.9797,50,50,0
2026-09-24,complete,SSE|SZSE,all-a,全A,-347680750,-3.4768,102.1881,-105.6649,1306,1305,1
2026-09-24,complete,SSE|SZSE,broad,宽基,-3025772600,-30.2577,42.1256,-72.3833,106,106,0
2026-09-24,complete,SSE|SZSE,industry,行业,1231772800,12.3177,32.5896,-20.2719,571,571,0
2026-09-24,complete,SSE|SZSE,hong-kong,港股,-630000,-0.0063,0.1909,-0.1972,19,19,0
2026-09-24,complete,SSE|SZSE,gold,黄金,-697714500,-6.9771,1.7687,-8.7458,14,14,0
2026-09-24,complete,SSE|SZSE,bond,债券,6925787330,69.2579,73.3041,-4.0462,50,50,0
2026-09-28,complete,SSE|SZSE,all-a,全A,24670080460,246.7008,285.3328,-38.632,1307,1306,1
2026-09-28,complete,SSE|SZSE,broad,宽基,15619929958,156.1993,157.233,-1.0337,106,106,0
2026-09-28,complete,SSE|SZSE,industry,行业,4581884628,45.8188,66.7818,-20.963,571,571,0
2026-09-28,complete,SSE|SZSE,hong-kong,港股,76495860,0.765,0.7743,-0.0094,18,18,0
2026-09-28,complete,SSE|SZSE,gold,黄金,-540166698,-5.4017,1.7821,-7.1837,14,14,0
2026-09-28,complete,SSE|SZSE,bond,债券,7006221731,70.0622,73.2436,-3.1813,50,49,1
