date,hkM2YoY,chinaPpiYoY,chinaRetailYoY,tsfMonthlyFlow100m,creditSixMonthFlow100m,nominalGdpTwoQuarter100m,creditRawRatioPctGdp,creditFlowIntensityPctGdp
1993-01,,17.9,,,,,,
1993-02,,18.2,,,,,,
1993-03,,21.3,,,,,,
1993-04,,22.3,,,,,,
1993-05,,26,,,,,,
1993-06,,25.3,,,,,,
1993-07,,25.7,,,,,,
1993-08,,25.9,,,,,,
1993-09,,24.6,,,,,,
1993-10,,24.1,,,,,,
1993-11,,22.5,,,,,,
1993-12,,22,,,,,,
1994-01,,18.6,,,,,,
1994-02,,16.5,,,,,,
1994-03,,17.9,,,,,,
1994-04,,19.6,,,,,,
1994-05,,20.2,,,,,,
1994-06,,19.1,,,,,,
1994-07,,20.1,,,,,,
1994-08,,18.1,,,,,,
1994-09,,18.5,,,,,,
1994-10,,18.2,,,,,,
1994-11,,19.9,,,,,,
1994-12,,19.9,,,,,,
1995-01,,20.7,,,,,,
1995-02,,20.2,,,,,,
1995-03,,19.5,,,,,,
1995-04,,17.1,,,,,,
1995-05,,13.9,,,,,,
1995-06,,13.8,,,,,,
1995-07,,13.5,,,,,,
1995-08,,12.9,,,,,,
1995-09,,12.9,,,,,,
1995-10,,12.5,,,,,,
1995-11,,11.1,,,,,,
1995-12,,8.8,,,,,,
1996-01,,8.4,,,,,,
1996-02,,7.1,,,,,,
1996-03,,4.3,,,,,,
1996-04,,3,,,,,,
1996-05,,2.7,,,,,,
1996-06,,2.3,,,,,,
1996-07,,1.7,,,,,,
1996-08,,1.5,,,,,,
1996-09,,0.8,,,,,,
1996-10,,0.3,,,,,,
1996-11,,0,,,,,,
1996-12,,0.4,,,,,,
1997-01,,0.1,,,,,,
1997-02,,0.4,,,,,,
1997-03,,0.5,,,,,,
1997-04,,0.1,,,,,,
1997-05,,0.1,,,,,,
1997-06,,-0.4,,,,,,
1997-07,,-0.6,,,,,,
1997-08,,-0.9,,,,,,
1997-09,,-0.9,,,,,,
1997-10,,-0.9,,,,,,
1997-11,,-0.6,,,,,,
1997-12,,-0.9,,,,,,
1998-01,,-1.3,,,,,,
1998-02,,-2.6,,,,,,
1998-03,,-3.2,,,,,,
1998-04,5.420551,-3.7,,,,,,
1998-05,2.949813,-4.5,,,,,,
1998-06,2.252403,-4.9,,,,,,
1998-07,5.117834,-5,,,,,,
1998-08,7.355194,-5.5,,,,,,
1998-09,6.835508,-4.2,,,,,,
1998-10,9.986749,-5.7,,,,,,
1998-11,10.834541,-5.4,,,,,,
1998-12,11.586813,-3.8,,,,,,
1999-01,10.890436,-4.9,,,,,,
1999-02,8.966929,-4.9,,,,,,
1999-03,9.245143,-4.6,,,,,,
1999-04,10.189567,-3.9,,,,,,
1999-05,10.835781,-3.4,,,,,,
1999-06,11.543667,-3.6,,,,,,
1999-07,8.979221,-2.5,,,,,,
1999-08,7.495562,-2.3,,,,,,
1999-09,7.750636,-2.1,,,,,,
1999-10,5.548115,-0.7,,,,,,
1999-11,8.49031,-1.1,,,,,,
1999-12,8.812926,-0.8,,,,,,
2000-01,7.12993,0,11.3,,,,,
2000-02,7.739276,1,10.5,,,,,
2000-03,8.082554,1.9,9.3,,,,,
2000-04,7.541934,2.6,9.1,,,,,
2000-05,7.423632,2.5,11.5,,,,,
2000-06,9.240513,2.9,8.9,,,,,
2000-07,8.485943,4.5,9.1,,,,,
2000-08,10.554323,3.9,9.3,,,,,
2000-09,8.520936,3.7,9.6,,,,,
2000-10,8.74825,3.6,10.4,,,,,
2000-11,8.035922,3.5,8.7,,,,,
2000-12,7.775595,2.8,8.8,,,,,
2001-01,8.413275,1.4,12.5,,,,,
2001-02,7.621025,0.9,8.6,,,,,
2001-03,4.792552,0.2,9.5,,,,,
2001-04,5.23572,-0.1,9.7,,,,,
2001-05,6.293989,-0.2,11.1,,,,,
2001-06,3.976641,-0.6,10,,,,,
2001-07,3.101506,-1.3,9.8,,,,,
2001-08,2.264654,-2,9.6,,,,,
2001-09,1.437912,-2.9,9.9,,,,,
2001-10,1.009068,-3.1,10.5,,,,,
2001-11,-0.94599,-3.7,10.1,,,,,
2001-12,-2.724541,-4,9.6,,,,,
2002-01,-3.046527,-4,7.9,,,,,
2002-02,-4.254656,-4.1,9.1,,,,,
2002-03,-3.207039,-4,8.3,,,,,
2002-04,-3.044414,-3.1,8.2,,,,,
2002-05,-2.883985,-2.6,9.3,,,,,
2002-06,-3.009637,-2.5,8.6,,,,,
2002-07,-3.816522,-2.3,8.6,,,,,
2002-08,-4.872171,-1.7,8.8,,,,,
2002-09,-3.760826,-1.4,9.1,,,,,
2002-10,-2.852982,-1,9.4,,,,,
2002-11,-1.912316,-0.4,9.1,,,,,
2002-12,-0.893919,0.4,9.2,,,,,
2003-01,0.327158,2.4,10,,,,,
2003-02,2.094202,4,8.5,,,,,
2003-03,1.936176,4.6,9.3,,,,,
2003-04,1.807228,3.6,7.7,,,,,
2003-05,2.315376,2,4.3,,,,,
2003-06,2.4301,1.3,8.3,,,,,
2003-07,4.331931,1.4,9.8,,,,,
2003-08,4.889055,1.4,9.9,,,,,
2003-09,5.767378,1.4,9.5,,,,,
2003-10,8.012964,1.2,10.2,,,,,
2003-11,6.58532,1.9,9.7,,,,,
2003-12,8.387966,3,10.9,,,,,
2004-01,10.571572,3.5,11.8,,,,,
2004-02,11.74803,3.5,9.2,,,,,
2004-03,8.688121,4,11.1,,,,,
2004-04,7.612794,5,13.2,,,,,
2004-05,6.562109,5.7,17.8,,,,,
2004-06,6.801322,6.4,13.9,,,,,
2004-07,5.871489,6.4,13.2,,,,,
2004-08,5.769238,6.8,13.1,,,,,
2004-09,6.454535,8,14,,,,,
2004-10,5.725881,8.4,14.2,,,,,
2004-11,10.332884,8.1,13.9,,,,,
2004-12,9.263661,7.1,14.5,,,,,
2005-01,6.506854,5.8,11.5,,,,,
2005-02,6.981712,5.4,15.8,,,,,
2005-03,9.23939,5.6,13.9,,,,,
2005-04,9.865316,5.8,12.2,,,,,
2005-05,8.529581,6,12.8,,,,,
2005-06,8.874282,5.2,12.9,,,,,
2005-07,9.708885,5.2,12.7,,,,,
2005-08,9.664456,5.3,12.5,,,,,
2005-09,8.575187,4.5,12.7,,,,,
2005-10,7.093911,4,12.8,,,,,
2005-11,4.381893,3.2,12.4,,,,,
2005-12,5.096385,3.2,12.5,,,,,
2006-01,6.755251,3.1,15.5,,,,,
2006-02,8.767394,3,9.4,,,,,
2006-03,8.610477,2.5,13.5,,,,,
2006-04,10.754606,1.9,13.6,,,,,
2006-05,17.696334,2.4,14.2,,,,,
2006-06,11.267574,3.5,13.9,,,101247,,
2006-07,11.452429,3.6,13.7,,,101247,,
2006-08,12.925591,3.4,13.8,,,101247,,
2006-09,14.442964,3.5,13.9,,,110235.9,,
2006-10,13.839002,3,14.3,,,110235.9,,
2006-11,20.219543,2.8,14.1,,,110235.9,,
2006-12,15.420548,3.1,14.6,,,121331.4,,
2007-01,15.755112,3.3,12.7,,,121331.4,,
2007-02,15.865315,2.6,16.9,,,121331.4,,
2007-03,16.557682,2.7,15.3,,,122591.4,,
2007-04,13.113694,2.9,15.5,,,122591.4,,
2007-05,9.587509,2.8,15.9,,,122591.4,,
2007-06,20.647836,2.5,16,,,123831.6,,
2007-07,17.327846,2.4,16.4,,,123831.6,,
2007-08,17.023966,2.6,17.1,,,123831.6,,
2007-09,22.411813,2.7,17,,,136245.1,,
2007-10,31.719312,3.2,18.1,,,136245.1,,
2007-11,22.027012,4.6,18.8,,,136245.1,,
2007-12,20.81414,5.4,20.2,,,150348.1,,
2008-01,16.963189,6.1,21.2,,,150348.1,,
2008-02,13.697845,6.6,19.1,,,150348.1,,
2008-03,13.521724,8,21.5,,,150463.6,,
2008-04,14.468799,8.1,22,,,150463.6,,
2008-05,11.443661,8.2,21.6,,,150463.6,,
2008-06,5.603878,8.8,23,,,150574.5,,
2008-07,8.074844,10,23.3,,,150574.5,,
2008-08,5.617989,10.1,23.2,,,150574.5,,
2008-09,1.818909,9.1,23.2,,,163633.3,,
2008-10,-6.130003,6.6,22,,,163633.3,,
2008-11,-3.633809,2,20.8,,,163633.3,,
2008-12,2.648226,-1.1,19,,,173743.3,,
2009-01,3.189374,-3.3,18.5,,,173743.3,,
2009-02,1.514355,-4.5,11.6,,,173743.3,,
2009-03,4.170293,-6,14.7,,,165416.2,,
2009-04,4.37074,-6.6,14.8,,,165416.2,,
2009-05,7.310409,-7.2,15.2,,,165416.2,,
2009-06,9.780379,-7.8,15,,,160697,,
2009-07,9.640517,-8.2,15.2,,,160697,,
2009-08,10.513699,-7.9,15.4,,,160697,,
2009-09,9.673339,-7,15.5,,,176685.7,,
2009-10,11.289403,-5.8,16.2,,,176685.7,,
2009-11,10.108159,-2.1,15.8,,,176685.7,,
2009-12,5.332625,1.7,17.5,,,193824.6,,
2010-01,5.527283,4.3,14,,,193824.6,,
2010-02,6.674272,5.4,22.1,,,193824.6,,
2010-03,5.820615,5.9,18,,,191619.6,,
2010-04,8.077717,6.8,18.5,,,191619.6,,
2010-05,1.988332,7.1,18.7,,,191619.6,,
2010-06,1.448081,6.4,18.3,,,190200,,
2010-07,3.106937,4.8,17.9,,,190200,,
2010-08,3.680522,4.3,18.4,,,190200,,
2010-09,5.288698,4.3,18.8,,,208867.9,,
2010-10,9.133995,5,18.6,,,208867.9,,
2010-11,5.727403,6.1,18.7,,,208867.9,,
2010-12,8.087488,5.9,19.1,,,229053.3,,
2011-01,10.851364,6.6,19.9,,,229053.3,,
2011-02,10.245984,7.2,11.6,,,229053.3,,
2011-03,11.789937,7.3,17.4,,,227479.3,,
2011-04,12.102831,6.8,17.1,,,227479.3,,
2011-05,17.745591,6.8,16.9,,,227479.3,,
2011-06,15.925371,7.1,17.7,,,226995.8,,
2011-07,16.32039,7.5,17.2,,,226995.8,,
2011-08,15.3713,7.3,17,,,226995.8,,
2011-09,11.165181,6.5,17.7,,,249338.4,,
2011-10,8.413077,5,17.2,,,249338.4,,
2011-11,12.455661,2.7,17.3,,,249338.4,,
2011-12,12.909531,1.7,18.1,,,268711.8,,
2012-01,12.843352,0.7,,9754,,268711.8,,
2012-02,14.911313,0,,10431,,268711.8,,
2012-03,12.018147,-0.3,15.2,18703,,259527.8,,
2012-04,10.200748,-0.7,14.1,9637,,259527.8,,
2012-05,7.235469,-1.4,13.8,11432,,259527.8,,
2012-06,9.073869,-2.1,13.7,17802,77759,252868.7,30.750741,
2012-07,7.654638,-2.9,13.1,10522,78527,252868.7,31.054456,
2012-08,8.871133,-3.5,13.2,12475,80571,252868.7,31.862781,31.22266
2012-09,10.450266,-3.6,14.2,16462,78330,273875.2,28.600618,30.505952
2012-10,10.389145,-2.8,14.5,12906,81599,273875.2,29.794227,30.085875
2012-11,10.326078,-2.2,14.9,11225,81392,273875.2,29.718646,29.371164
2012-12,11.076285,-1.9,15.2,16282,79872,294641.9,27.108161,28.873678
2013-01,12.362072,-1.6,,25446,94796,294641.9,32.173292,29.6667
2013-02,9.717593,-1.6,,10705,93026,294641.9,31.572563,30.284672
2013-03,9.516301,-1.9,12.6,25503,102067,286137.6,35.6706,33.138819
2013-04,10.254384,-2.6,12.8,17629,106790,286137.6,37.321205,34.85479
2013-05,13.446961,-2.9,12.9,11871,107436,286137.6,37.54697,36.846259
2013-06,10.830139,-2.7,13.3,10375,101529,277993.6,36.522064,37.13008
2013-07,11.606992,-2.3,13.2,8191,84274,277993.6,30.315086,34.794707
2013-08,11.270435,-1.6,13.4,15841,89410,277993.6,32.162611,32.99992
2013-09,13.342026,-1.3,13.3,14120,78027,301086,25.915187,29.464295
2013-10,12.348587,-1.5,13.3,8645,69043,301086,22.931322,27.00304
2013-11,12.546526,-1.4,13.7,12310,69482,301086,23.077127,23.974545
2013-12,12.362358,-1.4,13.6,12532,71639,325666.8,21.997637,22.668695
2014-01,9.561816,-1.6,,,,325666.8,,
2014-02,12.824451,-2,,,,325666.8,,
2014-03,12.141456,-2.3,12.2,,,314234.1,,
2014-04,12.49416,-2,11.9,,,314234.1,,
2014-05,12.646712,-1.4,12.5,,,314234.1,,
2014-06,14.961568,-1.1,12.4,,,303001.7,,
2014-07,15.902099,-0.9,12.2,,,303001.7,,
2014-08,15.220674,-1.2,11.9,,,303001.7,,
2014-09,12.179186,-1.8,11.6,,,328064.1,,
2014-10,12.082876,-2.2,11.5,,,328064.1,,
2014-11,11.169323,-2.7,11.7,,,328064.1,,
2014-12,9.495767,-3.3,11.9,,,352781.2,,
2015-01,10.290185,-4.3,,20516,,352781.2,,
2015-02,8.301193,-4.8,,13609,,352781.2,,
2015-03,11.821654,-4.6,10.2,12433,,338350.8,,
2015-04,10.300637,-4.6,10,10582,,338350.8,,
2015-05,9.147165,-4.6,10.1,12397,,338350.8,,
2015-06,7.900109,-4.8,10.6,18384,87921,326058.4,26.964801,
2015-07,5.125204,-5.4,10.5,7511,74916,326058.4,22.976252,
2015-08,5.973878,-5.9,10.8,11097,72404,326058.4,22.205838,24.048964
2015-09,4.898708,-5.9,10.9,13571,73542,352005.7,20.892275,22.024788
2015-10,3.814399,-5.9,11,5593,68553,352005.7,19.474969,20.857694
2015-11,3.885841,-5.9,11.2,10255,66411,352005.7,18.866456,19.744567
2015-12,5.513106,-5.9,11.1,18114,66141,376453.1,17.569519,18.636981
2016-01,5.756671,-5.3,,34758,93388,376453.1,24.80734,20.414438
2016-02,4.907229,-4.9,,8312,90603,376453.1,24.06754,22.148133
2016-03,3.548992,-4.3,10.5,23931,100963,362069.7,27.884962,25.586614
2016-04,2.97781,-3.4,10.1,7809,103179,362069.7,28.496999,26.816501
2016-05,2.077226,-2.8,10,6770,99694,362069.7,27.534477,27.972146
2016-06,3.103807,-2.6,10.6,16479,98059,350737.5,27.957946,27.996474
2016-07,5.204911,-1.7,10.2,4791,68092,350737.5,19.413949,24.968791
2016-08,5.41604,-0.8,10.6,14605,74385,350737.5,21.208169,22.860021
2016-09,8.253839,0.1,10.7,17115,67569,379839.8,17.788815,19.470311
2016-10,8.876382,1.2,10,8865,68625,379839.8,18.066827,19.02127
2016-11,9.225111,3.3,10.8,18328,80183,379839.8,21.109689,18.988444
2016-12,7.65753,5.5,10.9,16397,80101,410455.5,19.515148,19.563888
2017-01,7.916601,6.9,,36970,112280,410455.5,27.354975,22.659937
2017-02,9.705963,7.8,,10908,108583,410455.5,26.454268,24.441464
2017-03,10.054917,7.6,10.9,21186,112654,400892.3,28.100814,27.303353
2017-04,11.152387,6.4,10.7,13880,117669,400892.3,29.351774,27.968952
2017-05,12.819997,5.5,10.7,10631,109972,400892.3,27.431806,28.294798
2017-06,12.919478,5.5,11,17718,111293,390940,28.468051,28.41721
2017-07,12.197408,5.5,10.4,11956,86279,390940,22.069627,25.989828
2017-08,10.793574,6.3,10.1,14895,90266,390940,23.089477,24.542385
2017-09,8.831452,6.9,10.3,18335,87415,422420.9,20.693815,21.950973
2017-10,12.102091,6.9,10,10357,83892,422420.9,19.859813,21.214368
2017-11,9.119086,5.8,10.2,16128,89389,422420.9,21.161122,20.571583
2017-12,9.970549,4.9,9.4,11481,83152,456442.9,18.217394,19.746109
2018-01,11.016718,4.3,,30793,101989,456442.9,22.344306,20.574274
2018-02,9.368424,3.7,,11894,98988,456442.9,21.686831,20.74951
2018-03,7.786339,3.1,10.1,15848,96501,445422.9,21.665029,21.898722
2018-04,9.782803,3.4,9.4,17761,103905,445422.9,23.327269,22.226376
2018-05,6.234071,4.1,8.5,9518,97295,445422.9,21.843286,22.278528
2018-06,4.996387,4.7,9,14877,100691,433777.7,23.212581,22.794379
2018-07,3.897091,4.6,8.8,12254,82152,433777.7,18.938733,21.331533
2018-08,4.66708,4.1,9,19391,89649,433777.7,20.667038,20.93945
2018-09,4.688561,3.6,9.2,21691,95492,466839.2,20.455009,20.02026
2018-10,1.044962,3.3,8.6,7420,85151,466839.2,18.239899,19.787315
2018-11,3.452279,2.7,8.1,15239,90872,466839.2,19.465375,19.386761
2018-12,4.309653,0.9,8.2,15898,91893,502232.4,18.296908,18.667394
2019-01,2.415547,0.1,,46791,126430,502232.4,25.173605,20.978629
2019-02,3.229715,0.1,,9665,116704,502232.4,23.237051,22.235855
2019-03,3.944219,0.4,8.7,29602,124615,484889.5,25.69967,24.703442
2019-04,2.053072,0.9,7.2,16710,133905,484889.5,27.61557,25.51743
2019-05,3.665619,0.6,8.6,17124,135790,484889.5,28.004319,27.106519
2019-06,3.983955,0,9.8,26243,146135,467647.8,31.248944,28.956278
2019-07,3.76541,-0.3,7.6,12872,112216,467647.8,23.995836,27.7497
2019-08,3.333943,-0.8,7.5,21956,124507,467647.8,26.624096,27.289626
2019-09,2.771637,-1.2,7.8,25142,120047,502217.1,23.903408,24.841113
2019-10,4.092708,-1.6,7.2,8680,112017,502217.1,22.304497,24.277334
2019-11,4.437192,-1.4,8,19937,114830,502217.1,22.864614,23.024173
2019-12,2.772587,-0.5,8,22013,110600,538224.6,20.549042,21.906051
2020-01,2.317276,0.1,,50535,148263,538224.6,27.546678,23.653445
2020-02,2.307859,-0.4,,8737,135044,538224.6,25.090641,24.395454
2020-03,2.197361,-1.5,-15.8,51838,161740,491872.5,32.882505,28.506608
2020-04,2.015761,-3.1,-7.5,31027,184087,491872.5,37.425756,31.799634
2020-05,2.430048,-3.7,-2.8,31866,196016,491872.5,39.850978,36.719746
2020-06,3.891307,-3,-1.8,34681,208684,463121.1,45.060352,40.779029
2020-07,6.743886,-2.4,-1.1,16928,175077,463121.1,37.803719,40.905016
2020-08,9.2253,-2,0.5,35853,202193,463121.1,43.658775,42.174282
2020-09,9.216822,-2.1,3.3,34693,185048,523360.3,35.357669,38.940054
2020-10,14.37367,-2.1,4.3,13929,167950,523360.3,32.090703,37.035716
2020-11,6.571619,-1.5,5,21355,157439,523360.3,30.082335,32.510236
2020-12,5.837133,-0.4,4.6,17192,139950,571746.5,24.477631,28.883557
2021-01,15.170042,0.3,,51884,174906,571746.5,30.59153,28.383832
2021-02,7.617318,1.7,,17243,156296,571746.5,27.336591,27.468584
2021-03,6.461645,4.4,34.2,33762,155365,556891.4,27.898617,28.608912
2021-04,5.572077,6.8,17.7,18570,160006,556891.4,28.731993,27.989067
2021-05,7.112162,9,12.4,19522,158173,556891.4,28.402845,28.344485
2021-06,7.472715,8.8,12.1,37017,177998,543034.4,32.778402,29.97108
2021-07,3.026537,9,8.5,10752,136866,543034.4,25.203928,28.795058
2021-08,0.42393,9.5,2.5,29893,149516,543034.4,27.533431,28.505254
2021-09,1.391688,10.7,4.4,29026,144780,585941,24.708972,25.815444
2021-10,-4.260074,13.5,4.9,16176,142386,585941,24.300399,25.514267
2021-11,2.901652,12.9,3.9,25983,148847,585941,25.40307,24.804147
2021-12,4.267692,10.3,1.7,23682,135512,630788.6,21.48295,23.728806
2022-01,-2.001392,9.1,,61759,186519,630788.6,29.569177,25.485066
2022-02,3.558714,8.8,,12170,168796,630788.6,26.75952,25.937216
2022-03,4.020601,8.3,-3.5,46565,186335,610002.6,30.546591,28.958429
2022-04,3.668098,8,-11.1,9327,179486,610002.6,29.423809,28.909973
2022-05,1.906353,6.4,-6.7,28415,181918,610002.6,29.822496,29.930965
2022-06,0.445511,6.1,3.1,51926,210162,576287.3,36.468269,31.904858
2022-07,2.397039,4.2,2.7,7785,156188,576287.3,27.102454,31.131073
2022-08,2.500866,2.3,5.4,24712,168730,576287.3,29.278799,30.94984
2022-09,1.663193,0.9,2.5,35411,157576,614511.2,25.642494,27.341249
2022-10,1.218456,-1.3,-0.5,9134,157383,614511.2,25.611087,26.844127
2022-11,1.326245,-1.3,-5.9,19837,148805,614511.2,24.215181,25.156254
2022-12,1.622201,-0.7,-1.8,13058,109937,657742.1,16.714302,22.18019
2023-01,0.477134,-0.8,,59956,162108,657742.1,24.646134,21.858539
2023-02,-0.000451,-1.4,,31610,169006,657742.1,25.694873,22.35177
2023-03,1.378653,-2.5,10.6,53867,187462,634711.2,29.535007,26.625338
2023-04,1.725927,-3.6,18.4,12249,190577,634711.2,30.025782,28.418554
2023-05,1.504553,-4.6,12.7,15560,186300,634711.2,29.351932,29.637574
2023-06,1.52796,-5.4,3.1,42265,215507,608606.3,35.409919,31.595878
2023-07,2.299632,-4.4,2.5,5366,160917,608606.3,26.440246,30.400699
2023-08,2.767957,-3,4.6,31279,160586,608606.3,26.385859,29.412008
2023-09,2.773105,-2.5,5.5,41326,148045,644678.2,22.96417,25.263425
2023-10,3.269216,-2.6,7.6,18441,154237,644678.2,23.92465,24.424893
2023-11,3.967771,-3,10.1,24554,163231,644678.2,25.319764,24.069528
2023-12,3.982927,-2.7,7.4,19401,140367,685665.4,20.471647,23.238687
2024-01,2.101811,-2.5,,64734,199735,685665.4,29.130098,24.973836
2024-02,4.045275,-2.7,,14959,183415,685665.4,26.749928,25.450557
2024-03,3.409189,-2.8,3.1,48335,190424,661986.5,28.765541,28.215189
2024-04,5.545773,-2.5,2.3,-658,171325,661986.5,25.880437,27.131969
2024-05,7.783607,-1.4,3.7,20623,167394,661986.5,25.286618,26.644199
2024-06,7.380948,-0.8,2,32985,180978,633599.4,28.563474,26.576843
2024-07,7.093974,-0.8,2.7,7707,123951,633599.4,19.562992,24.471028
2024-08,7.783696,-1.8,2.1,30323,139315,633599.4,21.987868,23.371445
2024-09,8.482982,-2.8,3.2,37635,128615,669792,19.20223,20.25103
2024-10,8.597345,-2.9,4.8,14120,143393,669792,21.408587,20.866228
2024-11,7.285769,-2.5,3,23288,146058,669792,21.806471,20.805763
2024-12,7.34597,-2.3,3.7,28507,141580,714466.8,19.816176,21.010411
2025-01,9.60046,-2.3,,70546,204419,714466.8,28.611406,23.411351
2025-02,10.364402,-2.2,,22331,196427,714466.8,27.49281,25.306798
2025-03,10.835651,-2.5,5.9,58961,217753,691978.8,31.468161,29.190792
2025-04,9.312301,-2.7,5.1,11599,215232,691978.8,31.103843,30.021605
2025-05,10.720292,-3.3,6.4,22900,214844,691978.8,31.047772,31.206592
2025-06,11.508851,-3.6,4.8,42251,228588,659861.6,34.64181,32.264475
2025-07,10.838856,-3.6,3.7,11307,169349,659861.6,25.664321,30.451301
2025-08,10.399413,-2.9,3.4,25660,172678,659861.6,26.168821,28.824984
2025-09,11.136429,-2.3,3,35299,149016,695501.5,21.425691,24.419611
2025-10,10.62042,-2.1,2.9,8178,145595,695501.5,20.933815,22.842776
2025-11,11.184763,-2.2,1.3,24926,147621,695501.5,21.225116,21.194874
2025-12,11.614878,-1.9,0.9,22075,127445,742017.6,17.175469,19.778133
2026-01,9.863425,-1.4,,72185,188323,742017.6,25.379856,21.260147
2026-02,9.797781,-0.9,,23837,186500,742017.6,25.134175,22.563167
2026-03,9.298416,0.5,1.7,52240,203441,722104.2,28.173358,26.22913
2026-04,10.030456,2.8,0.2,6238,201501,722104.2,27.904699,27.070744
2026-05,9.878252,3.9,-0.6,20293,196868,722104.2,27.263101,27.780386
2026-06,9.196299,4.1,1,33671,208464,695704,29.964468,28.377423
2026-07,10.238089,3.5,0.6,14068,150347,695704,21.610771,26.279447
2026-08,,3.8,0.4,16577,143087,695704,20.567224,24.047488
