date,hsiClose,composite,hkM2YoY,chinaPpiYoY,chinaRetailYoY,creditImpulse,hkM2Z,chinaPpiZ,chinaRetailZ,creditImpulseZ
2013-08,21731.369141,-0.256071,11.606992,-2.3,13.2,34.794707,0.253971,-0.969883,-1.167238,0.858865
2013-09,22859.859375,-0.363192,11.270435,-1.6,13.4,32.99992,0.08114,-0.759163,-1.022347,0.247602
2013-10,23206.369141,-0.447938,13.342026,-1.3,13.3,29.464295,0.787855,-0.649619,-1.010765,-0.919222
2013-11,23881.289063,-0.698274,12.348587,-1.5,13.3,27.00304,0.379474,-0.657448,-0.958039,-1.557081
2013-12,23306.390625,-0.745544,12.546526,-1.4,13.7,23.974545,0.41084,-0.592098,-0.735203,-2.065714
2014-01,22035.419922,-0.754132,12.362358,-1.4,13.6,22.668695,0.294907,-0.551665,-0.738585,-2.021183
2014-02,22836.960938,,9.561816,-1.6,13.6,,-0.866589,-0.559756,-0.705274,
2014-03,22151.060547,,12.824451,-2,13.6,,0.471602,-0.620499,-0.761372,
2014-04,22133.970703,,12.141456,-2.3,12.2,,0.180684,-0.659984,-1.415951,
2014-05,23081.650391,,12.49416,-2,11.9,,0.323756,-0.53411,-1.478281,
2014-06,23190.720703,,12.646712,-1.4,12.5,,0.494144,-0.30955,-1.104083,
2014-07,24756.849609,,14.961568,-1.1,12.4,,1.616466,-0.156838,-1.102089,
2014-08,24742.060547,,15.902099,-0.9,12.2,,2.093904,-0.008725,-1.14783,
2014-09,22932.980469,,15.220674,-1.2,11.9,,1.775316,-0.040493,-1.242038,
2014-10,23998.060547,,12.179186,-1.8,11.6,,0.295467,-0.271048,-1.349735,
2014-11,23987.449219,,12.082876,-2.2,11.5,,0.206996,-0.509649,-1.344533,
2014-12,23605.039063,,11.169323,-2.7,11.7,,-0.230942,-0.935724,-1.186861,
2015-01,24507.050781,,9.495767,-3.3,11.9,,-1.009781,-1.56398,-1.061049,
2015-02,24823.289063,,10.290185,-4.3,11.9,,-0.5824,-2.524735,-1.080713,
2015-03,24900.890625,,8.301193,-4.8,11.9,,-1.492632,-2.765736,-1.16342,
2015-04,28133,,11.821654,-4.6,10.2,,0.272887,-2.352672,-2.442997,
2015-05,27424.189453,,10.300637,-4.6,10,,-0.491059,-2.1595,-2.333534,
2015-06,26250.029297,,9.147165,-4.6,10.1,,-1.146272,-1.97532,-2.048372,
2015-07,24636.279297,,7.900109,-4.8,10.6,,-1.738361,-1.968634,-1.561511,
2015-08,21670.580078,,5.125204,-5.4,10.5,,-2.868126,-2.240347,-1.527772,
2015-09,20846.300781,-1.839693,5.973878,-5.9,10.8,24.048964,-2.279739,-2.377768,-1.244608,-1.456655
2015-10,22640.039063,-1.843356,4.898708,-5.9,10.9,22.024788,-2.442137,-2.178498,-1.112338,-1.64045
2015-11,21996.419922,-1.780719,3.814399,-5.9,11,20.857694,-2.528476,-1.99256,-0.99017,-1.611668
2015-12,21914.400391,-1.615352,3.885841,-5.9,11.2,19.744567,-2.250336,-1.833001,-0.808554,-1.569517
2016-01,19683.109375,-1.415184,5.513106,-5.9,11.1,18.636981,-1.593649,-1.697977,-0.844554,-1.524556
2016-02,19111.929688,-1.152417,5.756671,-5.3,11.1,20.414438,-1.420407,-1.268601,-0.814637,-1.106023
2016-03,20776.699219,-1.028267,4.907229,-4.9,11.1,22.148133,-1.583424,-0.981886,-0.793351,-0.754406
2016-04,21067.050781,-0.966602,3.548992,-4.3,10.5,25.586614,-1.844129,-0.600414,-1.254006,-0.167859
2016-05,20815.089844,-0.828579,2.97781,-3.4,10.1,26.816501,-1.849269,-0.068989,-1.500636,0.10458
2016-06,20794.369141,-0.676314,2.077226,-2.8,10,27.972146,-1.923558,0.275842,-1.484944,0.427405
2016-07,21891.369141,-0.365197,3.103807,-2.6,10.6,27.996474,-1.546496,0.389475,-0.930272,0.626505
2016-08,22976.880859,-0.291476,5.204911,-1.7,10.2,24.968791,-0.965842,0.892728,-1.202052,0.109263
2016-09,23297.150391,-0.162923,5.41604,-0.8,10.6,22.860021,-0.866912,1.374633,-0.816168,-0.343244
2016-10,22934.539063,-0.076744,8.253839,0.1,10.7,19.470311,-0.132888,1.801467,-0.685652,-1.289902
2016-11,22789.769531,-0.066825,8.876382,1.2,10,19.02127,0.048551,2.213079,-1.253973,-1.274955
2016-12,22000.560547,0.346458,9.225111,3.3,10.8,18.988444,0.163082,2.845045,-0.480882,-1.141411
2017-01,23360.779297,0.437227,7.65753,5.5,10.9,19.563888,-0.210683,3.173452,-0.335343,-0.878518
2017-02,23740.730469,0.684857,7.916601,6.9,10.9,22.659937,-0.131063,3.081805,-0.28353,0.072218
2017-03,24111.589844,0.90513,9.705963,7.8,10.9,24.441464,0.366818,2.864233,-0.224792,0.614261
2017-04,24615.130859,1.046523,10.054917,7.6,10.9,27.303353,0.481066,2.472182,-0.182374,1.415219
2017-05,25660.650391,0.960404,11.152387,6.4,10.7,27.968952,0.795281,1.978955,-0.423374,1.490754
2017-06,25764.580078,0.995634,12.819997,5.5,10.7,28.294798,1.246525,1.64552,-0.377768,1.468257
2017-07,27323.990234,1.105389,12.919478,5.5,11,28.41721,1.322192,1.545957,0.151417,1.401989
2017-08,27970.300781,0.638169,12.197408,5.5,10.4,25.989828,1.209926,1.458606,-0.805654,0.689799
2017-09,27554.300781,0.350634,10.793574,6.3,10.1,24.542385,0.883012,1.531187,-1.279447,0.267783
2017-10,28245.539063,0.126701,8.831452,6.9,10.3,21.950973,0.308601,1.549057,-0.86997,-0.480884
2017-11,29177.349609,0.194359,12.102091,6.9,10,21.214368,1.351791,1.452632,-1.345623,-0.681365
2017-12,29919.150391,-0.046762,9.119086,5.8,10.2,20.571583,0.424168,1.170222,-0.933704,-0.847733
2018-01,32887.269531,-0.435966,9.970549,4.9,9.4,19.746109,0.693474,0.945613,-2.32643,-1.05652
2018-02,30844.720703,-0.303133,11.016718,4.3,9.4,20.574274,1.018302,0.786195,-2.232153,-0.784878
2018-03,30093.380859,-0.445335,9.368424,3.7,9.4,20.74951,0.478745,0.631553,-2.177802,-0.713837
2018-04,30808.449219,-0.156287,7.786339,3.1,10.1,21.898722,0.008993,0.480231,-0.758499,-0.355874
2018-05,30468.560547,-0.276152,9.782803,3.4,9.4,22.226376,0.669932,0.501118,-2.025506,-0.250149
2018-06,28955.109375,-0.804236,6.234071,4.1,8.5,22.278528,-0.469778,0.598109,-3.115105,-0.23017
2018-07,28583.009766,-0.579244,4.996387,4.7,9,22.794379,-0.841202,0.67411,-2.085549,-0.064337
2018-08,27888.550781,-0.81182,3.897091,4.6,8.8,21.331533,-1.174386,0.611585,-2.154983,-0.529496
2018-09,27788.519531,-0.699968,4.66708,4.1,9,20.93945,-0.907372,0.466748,-1.731965,-0.627281
2018-10,24979.689453,-0.712855,4.688561,3.6,9.2,20.02026,-0.897175,0.316761,-1.3716,-0.899408
2018-11,26506.75,-1.17481,1.044962,3.3,8.6,19.787315,-1.955194,0.203203,-1.989706,-0.957544
2018-12,25845.699219,-1.160763,3.452279,2.7,8.1,19.386761,-1.209057,0.008235,-2.36311,-1.079121
2019-01,27942.470703,-1.202863,4.309653,0.9,8.2,18.667394,-0.930078,-0.516376,-2.055323,-1.309674
2019-02,28633.179688,-1.182861,2.415547,0.1,8.2,20.978629,-1.434783,-0.8174,-1.901203,-0.578059
2019-03,29051.359375,-1.007176,3.229715,0.1,8.2,22.235855,-1.166111,-0.914982,-1.771897,-0.175714
2019-04,29699.109375,-0.60552,3.944219,0.4,8.7,24.703442,-0.965013,-0.923804,-1.160693,0.62743
2019-05,26901.089844,-0.967844,2.053072,0.9,7.2,25.51743,-1.492862,-0.852642,-2.439816,0.913942
2019-06,28542.619141,-0.415729,3.665619,0.6,8.6,27.106519,-1.058232,-1.042679,-1.022335,1.460329
2019-07,27777.75,-0.036622,3.983955,0,9.8,28.956278,-0.980013,-1.349876,0.153937,2.029463
2019-08,25724.730469,-0.700824,3.76541,-0.3,7.6,27.7497,-1.022586,-1.518862,-1.826416,1.564568
2019-09,26092.269531,-0.815584,3.333943,-0.8,7.5,27.289626,-1.115836,-1.713588,-1.775978,1.343065
2019-10,26906.720703,-0.972347,2.771637,-1.2,7.8,24.841113,-1.208994,-1.81357,-1.417148,0.550325
2019-11,26346.490234,-1.02747,4.092708,-1.6,7.2,24.277334,-0.793697,-1.85767,-1.795083,0.336569
2019-12,28189.75,-0.871471,4.437192,-1.4,8,23.024173,-0.659323,-1.66481,-1.060502,-0.101249
2020-01,26312.630859,-0.961872,2.772587,-0.5,8,21.906051,-1.071516,-1.27094,-1.006774,-0.498257
2020-02,26129.929688,-0.7559,2.317276,0.1,8,23.653445,-1.134437,-1.00862,-0.956553,0.076009
2020-03,23603.480469,-0.697386,2.307859,-0.4,8,24.395454,-1.074758,-1.129664,-0.909547,0.324425
2020-04,24643.589844,-1.621867,2.197361,-1.5,-15.8,28.506608,-1.044775,-1.450834,-5.65086,1.659001
2020-05,22961.470703,-0.865917,2.015761,-3.1,-7.5,31.799634,-1.038067,-1.884581,-3.063828,2.522807
2020-06,24427.189453,-0.35174,2.430048,-3.7,-2.8,36.719746,-0.885213,-1.930137,-1.938535,3.346926
2020-07,24595.349609,-0.029957,3.891307,-3,-1.8,40.779029,-0.423342,-1.585491,-1.6253,3.514304
2020-08,25177.050781,0.19853,6.743886,-2.4,-1.1,40.905016,0.530212,-1.309362,-1.403358,2.976627
2020-09,23459.050781,0.490527,9.2253,-2,0.5,42.174282,1.389285,-1.121374,-1.056008,2.750204
2020-10,24107.419922,0.441985,9.216822,-2.1,3.3,38.940054,1.37617,-1.110966,-0.525321,2.028058
2020-11,26341.490234,0.783203,14.37367,-2.1,4.3,37.035716,2.909159,-1.074151,-0.320489,1.618293
2020-12,27231.130859,0.10073,6.571619,-1.5,5,32.510236,0.479395,-0.812008,-0.170495,0.906026
2021-01,28283.710938,0.017421,5.837133,-0.4,4.6,28.883557,0.290315,-0.345814,-0.219739,0.344924
2021-02,28980.210938,0.770233,15.170042,0.3,4.6,28.383832,3.057621,-0.021899,-0.196666,0.241876
2021-03,28378.349609,0.32425,7.617318,1.7,4.6,27.468584,0.795596,0.596153,-0.173439,0.07869
2021-04,28724.880859,1.561781,6.461645,4.4,34.2,28.608912,0.454404,1.689757,3.878756,0.224206
2021-05,29151.800781,1.074894,5.572077,6.8,17.7,27.989067,0.221751,2.460167,1.511061,0.106597
2021-06,28827.949219,1.132471,7.112162,9,12.4,28.344485,0.704654,2.910027,0.778835,0.136368
2021-07,25961.029297,1.115372,7.472715,8.8,12.1,29.97108,0.790457,2.589262,0.722928,0.358843
2021-08,25878.990234,0.554989,3.026537,9,8.5,28.795058,-0.606088,2.432474,0.247547,0.146023
2021-09,24575.640625,0.137309,0.42393,9.5,2.5,28.505254,-1.351523,2.353998,-0.521708,0.068469
2021-10,25377.240234,0.187791,1.391688,10.7,4.4,25.815444,-1.0112,2.413387,-0.253402,-0.39762
2021-11,23475.259766,-0.103915,-4.260074,13.5,4.9,25.514267,-2.467951,2.711552,-0.173865,-0.485396
2021-12,23397.669922,0.226164,2.901652,12.9,3.9,24.804147,-0.4664,2.310353,-0.29066,-0.648638
2022-01,23802.259766,0.029938,4.267692,10.3,1.7,23.728806,-0.085914,1.649902,-0.555897,-0.88834
2022-02,22713.019531,-0.384183,-2.001392,9.1,1.7,25.485066,-1.725197,1.329378,-0.530595,-0.61032
2022-03,21996.849609,-0.025495,3.558714,8.8,1.7,25.937216,-0.241816,1.20137,-0.50573,-0.555805
2022-04,21089.390625,-0.052054,4.020601,8.3,-3.5,28.958429,-0.11886,1.049883,-1.12472,-0.01452
2022-05,21415.199219,-0.31233,3.668098,8,-11.1,28.909973,-0.226363,0.945786,-1.927097,-0.041645
2022-06,21859.789063,-0.309084,1.906353,6.4,-6.7,29.930965,-0.682784,0.61838,-1.309096,0.137164
2022-07,20156.509766,-0.030931,0.445511,6.1,3.1,31.904858,-1.030731,0.532118,-0.119595,0.494483
2022-08,19954.390625,-0.041781,2.397039,4.2,2.7,31.131073,-0.505497,0.159693,-0.151586,0.330266
2022-09,17222.830078,-0.055995,2.500866,2.3,5.4,30.94984,-0.471127,-0.210324,0.180361,0.277109
2022-10,14687.019531,-0.43508,1.663193,0.9,2.5,27.341249,-0.6792,-0.48666,-0.151689,-0.422772
2022-11,18597.230469,-0.674134,1.218456,-1.3,-0.5,26.844127,-0.767539,-0.904034,-0.487825,-0.537137
2022-12,19781.410156,-0.895373,1.326245,-1.3,-5.9,25.156254,-0.712069,-0.905004,-1.078744,-0.885674
2023-01,21842.330078,-0.861515,1.622201,-0.7,-1.8,22.18019,-0.625476,-0.790041,-0.558081,-1.472464
2023-02,19785.939453,-0.932439,0.477134,-0.8,-1.8,21.858539,-0.896618,-0.801386,-0.526381,-1.505371
2023-03,20400.109375,-0.942469,-0.000451,-1.4,-1.8,22.35177,-0.989442,-0.904969,-0.495132,-1.380335
2023-04,19894.570313,-0.333122,1.378653,-2.5,10.6,26.625338,-0.636973,-1.099662,0.957019,-0.552871
2023-05,18234.269531,-0.056514,1.725927,-3.6,18.4,28.418554,-0.54784,-1.297482,1.813916,-0.19465
2023-06,18916.429688,-0.23502,1.504553,-4.6,12.7,29.637574,-0.594658,-1.468591,1.045972,0.077198
2023-07,20078.939453,-0.437638,1.52796,-5.4,3.1,31.595878,-0.569819,-1.576305,-0.156469,0.552042
2023-08,18382.060547,-0.391166,2.299632,-4.4,2.5,30.400699,-0.350785,-1.368102,-0.244961,0.399185
2023-09,17809.660156,-0.250245,2.767957,-3,4.6,29.412008,-0.195237,-1.106882,0.003487,0.297652
2023-10,17112.480469,-0.47978,2.773105,-2.5,5.5,25.263425,-0.152967,-1.013897,0.108823,-0.861079
2023-11,17042.880859,-0.436598,3.269216,-2.6,7.6,24.424893,0.068198,-1.026627,0.360318,-1.14828
2023-12,17047.390625,-0.336435,3.967771,-3,10.1,24.069528,0.307361,-1.082246,0.651788,-1.222643
2024-01,15485.070313,-0.451304,3.982927,-2.7,7.4,23.238687,0.331251,-1.008706,0.305414,-1.433176
2024-02,16511.439453,-0.403373,2.101811,-2.5,7.4,24.973836,-0.188255,-0.950767,0.295369,-0.769836
2024-03,16541.419922,-0.13678,4.045275,-2.7,7.4,25.450557,0.696051,-0.951975,0.285376,-0.576573
2024-04,17763.029297,-0.054112,3.409189,-2.8,3.1,28.215189,0.47469,-0.924037,-0.179393,0.412291
2024-05,18079.609375,0.101749,5.545773,-2.5,2.3,27.131969,1.455522,-0.827494,-0.255512,0.034481
2024-06,17718.609375,0.43064,7.783607,-1.4,3.7,26.644199,2.42458,-0.602075,0.023324,-0.12327
2024-07,17344.599609,0.360119,7.380948,-0.8,2,26.576843,2.250672,-0.462097,-0.232545,-0.115555
2024-08,17989.070313,0.153849,7.093974,-0.8,2.7,24.471028,1.953197,-0.423511,-0.077862,-0.83643
2024-09,21133.679688,0.033852,7.783696,-1.8,2.1,23.371445,2.046062,-0.558068,-0.185691,-1.166896
2024-10,20317.330078,-0.163255,8.482982,-2.8,3.2,20.25103,2.105616,-0.696428,0.021894,-2.084102
2024-11,19423.609375,-0.000797,8.597345,-2.9,4.8,20.866228,2.117783,-0.683888,0.315729,-1.752813
2024-12,20059.949219,-0.187875,7.285769,-2.5,3,20.805763,1.497485,-0.569367,-0.009679,-1.669938
2025-01,20225.109375,-0.118046,7.34597,-2.3,3.7,21.010411,1.443924,-0.483644,0.108584,-1.541046
2025-02,22941.320313,0.251483,9.60046,-2.3,3.7,23.411351,2.146687,-0.440875,0.098471,-0.79835
2025-03,23119.580078,0.419104,10.364402,-2.2,3.7,25.306798,2.187227,-0.368297,0.08835,-0.230865
2025-04,22119.410156,0.770595,10.835651,-2.5,5.9,29.190792,2.126638,-0.414637,0.45376,0.916617
2025-05,23289.769531,0.619663,9.312301,-2.7,5.1,30.021605,1.535193,-0.447257,0.248074,1.142643
2025-06,24072.279297,0.771525,10.720292,-3.3,6.4,31.206592,1.814237,-0.670266,0.482642,1.459485
2025-07,24773.330078,0.724391,11.508851,-3.6,4.8,32.264475,1.892074,-0.853228,0.105159,1.75356
2025-08,25077.619141,0.442693,10.838856,-3.6,3.7,30.451301,1.584281,-0.906368,-0.153864,1.246724
2025-09,26855.560547,0.397432,10.399413,-2.9,3.4,28.824984,1.373181,-0.381523,-0.210084,0.808154
2025-10,25906.650391,0.228324,11.136429,-2.3,3,24.419611,1.474393,0.213837,-0.305591,-0.469344
2025-11,25858.890625,0.111087,10.62042,-2.1,2.9,22.842776,1.262967,0.429784,-0.35621,-0.892195
2025-12,25630.539063,-0.113703,11.184763,-2.2,1.3,21.194874,1.333063,0.365181,-0.845075,-1.307981
2026-01,27387.109375,-0.139022,11.614878,-1.9,0.9,19.778133,1.363848,0.720718,-0.991521,-1.649135
2026-02,26630.539063,-0.031591,9.863425,-1.4,0.9,21.260147,0.858731,1.281386,-1.03986,-1.226621
2026-03,24788.140625,0.146779,9.797781,-0.9,0.9,22.563167,0.79936,1.750161,-1.092448,-0.869957
2026-04,25776.529297,0.668327,9.298416,0.5,1.7,26.22913,0.617121,2.73571,-0.825889,0.146366
2026-05,25182.390625,0.847706,10.030456,2.8,0.2,27.070744,0.783788,3.668691,-1.453513,0.391857
2026-06,22881.019531,0.753384,9.878252,3.9,-0.6,27.780386,0.696743,3.540855,-1.835494,0.611433
2026-07,25884.429688,0.823838,9.196299,4.1,1,28.377423,0.442681,3.132571,-1.112105,0.832206
2026-08,25566.990234,0.569005,10.238089,3.5,0.6,26.279447,0.740577,2.506386,-1.232815,0.261874
2026-09,,0.361394,10.238089,3.8,0.4,24.047488,0.699252,2.357741,-1.240877,-0.370539
