date,close,deviation60Pct,signal60,deviation120Pct,signal120,forwardReturn5Pct,forwardReturn10Pct,forwardReturn20Pct,forwardReturn60Pct,maxForwardGain20Pct,maxForwardDrawdown20Pct
2005-05-27,849.51,-11.893258,bottom,,,-3.77607,5.167226,5.584438,8.301286,7.426634,-3.705666
2005-06-01,837.53,-12.354099,bottom,,,7.832833,3.43858,7.071471,10.542618,9.373993,-2.328275
2005-06-02,818.38,-14.298299,bottom,,,10.897089,7.173112,7.110539,12.798683,11.933332,-0.042767
2005-06-03,818.03,-13.977417,bottom,,,8.943297,7.340919,4.944018,12.641286,11.981223,2.353214
2006-05-09,1251.61,15.480097,top,23.070327,,6.159748,5.141912,11.142704,2.403744,12.108404,0.274047
2006-05-10,1265.93,16.256385,top,23.880318,,5.35137,3.287569,4.199893,0.720973,10.840252,-0.860237
2006-05-12,1296.26,17.85349,top,25.585097,,5.247677,2.646237,-0.159818,-4.283268,8.246802,-0.15969
2006-05-15,1352.16,21.584004,top,29.417092,top,1.578268,1.039572,-4.113297,-9.949743,3.771743,-4.287215
2006-05-16,1331.13,19.56995,top,27.476537,top,-1.017836,3.515634,-2.498789,-6.097448,5.411192,-2.775086
2006-05-17,1335.52,19.452735,top,27.417164,top,-2.063801,2.216332,-3.943399,-6.513772,5.064694,-3.866659
2006-05-18,1331.2,18.658273,top,26.71107,top,-1.781092,5.244648,-3.501862,-4.590708,5.405649,-3.554687
2006-05-19,1366.1,20.725902,top,28.887767,top,-2.60144,1.743011,-3.583694,-6.850411,2.712832,-6.018593
2006-05-22,1373.67,20.751502,top,29.020227,top,-0.538695,2.124085,-2.86371,-9.777231,2.146804,-6.536504
2006-05-23,1317.65,16.172431,top,24.48871,,4.53347,6.000792,1.549053,-4.009811,6.489584,-2.562896
2006-05-26,1331.02,15.972666,top,24.438912,,4.344451,-2.806055,0.631352,-4.860724,5.419904,-3.541645
2006-05-29,1366.29,18.121289,top,26.658001,top,2.66278,-5.152869,-0.211012,-7.264129,2.698549,-6.031662
2006-05-30,1378.76,18.55466,top,27.16721,top,1.467322,-6.014423,-1.08363,-7.021573,1.769706,-6.881546
2006-05-31,1365.45,17.136188,top,25.814077,,-3.367808,-6.15973,-0.18766,-6.019628,2.761727,-5.973855
2006-06-01,1402.88,19.314247,top,28.109377,top,-5.637546,-8.746509,-0.554683,-8.202631,0.019959,-8.48255
2006-06-02,1390.12,17.89963,top,26.795221,top,-7.150506,-5.326705,0.275854,-7.053967,0.938049,-7.642506
2006-06-05,1403.16,18.312293,top,27.312966,top,-7.815649,-4.987794,1.21624,-5.66429,1.223667,-8.500812
2006-06-06,1399.14,17.478864,top,26.616932,,-7.481745,-4.451739,0.8448,-5.055853,1.514502,-8.237918
2006-11-30,1714.36,16.393462,top,20.873485,,3.516051,6.862571,14.402166,38.533414,15.662988,-0.16216
2006-12-01,1729.22,16.786747,top,21.476336,,-1.025352,7.700516,16.579394,40.37712,18.032986,-1.020113
2006-12-04,1780.74,19.218291,top,24.12404,,0.514192,7.326808,14.911281,38.905329,16.080394,-3.883779
2006-12-05,1794.23,19.459862,top,24.58376,,0.47595,6.849894,14.436298,37.530669,15.530339,-4.606433
2006-12-06,1779.41,18.142975,top,23.460491,,1.364696,8.462619,18.057226,38.542957,19.790268,-3.811938
2006-12-07,1775.71,17.433745,top,22.962419,,3.34652,7.236873,21.429793,39.664297,23.899173,-3.611513
2006-12-11,1789.92,17.307021,top,23.259686,,6.812616,8.005302,22.056133,39.070806,26.037477,0.719027
2006-12-12,1802.79,17.520853,top,23.703581,,6.373944,7.244488,18.711832,36.780158,25.137703,0.059352
2006-12-13,1803.86,17.06877,top,23.487733,,7.097923,9.462152,23.746076,38.817548,26.802523,1.789496
2006-12-14,1836.14,18.298316,top,24.967017,,3.890353,7.539595,24.839524,37.544985,28.196652,1.715555
2006-12-15,1867.64,19.450054,top,26.360791,,1.488091,8.878878,21.210861,36.953867,26.034461,1.499218
2006-12-18,1916.11,21.427961,top,28.602459,top,1.192686,7.584473,19.0015,34.713851,22.846288,-1.06831
2006-12-19,1921.44,21.12213,top,28.55799,top,0.870544,7.586404,22.076334,34.618471,24.702827,-1.342743
2006-12-20,1936.55,21.309282,top,29.010817,top,2.364229,9.594607,25.190064,35.578172,28.64682,-2.11252
2006-12-21,1908.98,19.321388,top,27.281808,top,3.649242,14.19292,27.296839,37.732686,31.385871,-0.698803
2006-12-22,1895.64,18.070052,top,26.293273,,7.390787,17.402352,29.120107,38.922327,33.803359,2.247262
2006-12-25,1939.1,19.74164,top,28.263817,top,6.391787,14.050831,23.501851,36.141333,30.804497,-0.04435
2006-12-26,1938.24,19.091188,top,27.919323,top,6.71586,11.467344,25.966508,36.131067,30.862535,2.15092
2006-12-27,1982.88,20.733506,top,29.861594,top,7.230377,14.283924,26.204455,36.280726,29.958444,-0.148774
2006-12-28,1979.93,19.973297,top,29.395259,top,10.543678,17.299929,25.376885,37.754082,30.152076,3.086978
2006-12-29,2041.05,22.360165,top,32.080058,top,10.011565,12.331983,15.58731,35.531393,26.254624,1.275814
2007-01-04,2067.09,22.985589,top,32.97992,top,7.659044,11.417027,14.731239,35.398058,24.664141,0.280104
2007-01-05,2072.88,22.622423,top,32.893466,top,4.751484,14.48993,10.310023,36.029955,24.315928,2.830844
2007-01-08,2131.56,24.715071,top,35.28785,top,7.053546,15.595457,6.371836,35.440125,20.893618,1.979302
2007-01-09,2200.09,27.108012,top,37.978239,top,6.756251,13.103919,5.136056,33.694094,17.127936,-1.197224
2007-01-10,2255.97,28.799862,top,39.989916,top,2.320418,11.717754,4.922131,32.467595,14.226696,-3.644552
2007-01-11,2231.63,26.917077,top,38.432729,top,3.757983,9.45102,7.714342,35.302881,15.472547,-2.59362
2007-01-12,2173.75,23.549739,top,35.366931,top,9.738446,14.499164,9.786846,37.703487,18.547211,4.510638
2007-01-15,2287.34,27.82217,top,39.942754,top,8.541911,11.920532,8.304002,35.310988,12.66012,-0.679392
2007-01-16,2353.87,29.813051,top,42.263459,top,6.347667,8.076956,6.924123,33.28796,9.475884,-3.486599
2007-01-17,2308.93,27.060033,top,39.822331,top,9.397337,3.255327,11.423639,35.850096,12.101709,-1.608104
2007-01-18,2317.09,26.557032,top,39.661024,top,5.693037,3.314212,14.125314,30.71856,15.171616,-1.954607
2007-01-19,2396.09,29.0168,top,42.468693,top,4.760718,-4.179906,11.076139,31.683045,11.712832,-5.187201
2007-01-22,2491.31,31.947419,top,45.771873,top,3.378621,-9.223621,8.32835,32.013635,8.684989,-8.811027
2007-01-23,2508.13,31.656237,top,45.837277,top,1.729289,-7.967862,-2.039695,31.74445,7.956127,-9.422558
2007-01-24,2536.43,31.782448,top,46.333311,top,-6.14201,-6.795624,0.32041,30.711798,6.751615,-10.433168
2007-01-25,2452.83,27.526158,top,42.378678,top,-2.378825,-1.736678,0.840786,35.368454,10.390039,-7.380454
2007-01-26,2512.92,29.012675,top,44.162142,top,-8.940624,-4.712318,-0.166877,32.285902,7.750346,-9.595212
2007-01-29,2576.92,30.5594,top,46.007922,top,-12.602242,-3.61653,-4.010806,32.280323,5.074275,-11.840492
2007-01-30,2551.88,28.646002,top,44.377788,top,-9.697151,-1.152833,-1.245637,36.771966,6.105303,-10.975438
2007-01-31,2385.33,21.119539,top,37.048227,top,-0.653614,8.168313,8.210416,43.934123,13.513853,-4.759509
2007-02-01,2395.17,20.768388,top,36.869062,top,0.642147,10.811102,9.262809,44.148109,13.047508,-5.150783
2007-02-02,2298,15.959449,top,32.202954,top,4.228307,15.256046,12.784347,47.69988,17.827676,-1.140122
2007-02-05,2271.8,14.156757,,30.546916,top,8.985712,17.551971,14.113895,49.702005,19.186548,1.947355
2007-02-06,2316.04,15.418786,top,31.956844,top,8.544318,5.928167,13.098448,44.236307,16.909898,2.320772
2007-02-07,2369.79,16.988811,top,33.710642,top,8.821926,7.116033,9.16942,44.560985,14.258225,1.158752
2007-02-08,2410.6,17.920065,top,34.845872,top,10.168955,2.577464,9.30033,44.947789,12.323903,-0.553804
2007-02-09,2397.25,16.620255,top,33.737893,top,11.027739,4.54544,8.28148,45.450983,12.949421,2.512879
2007-02-12,2485.39,19.4536,top,36.764915,top,8.566259,-0.394276,6.76747,43.281112,8.943868,-1.12256
2007-02-13,2522.63,20.138163,top,37.648157,top,-2.61615,-0.092803,5.781338,42.807911,7.335598,-2.582226
2007-02-14,2588.35,21.884135,top,39.586403,top,-1.705893,0.042103,4.319367,41.989358,4.610273,-5.05573
2007-02-15,2668.63,24.080374,top,41.974369,top,-7.591491,-1.548293,1.587037,38.446264,1.599697,-7.911925
2007-02-16,2676.74,23.541544,top,41.61884,top,-6.482299,-2.471699,1.465998,39.800041,1.476796,-8.190934
2007-02-26,2707.68,23.840593,top,42.099124,top,-8.960535,-3.438076,2.059758,40.818453,2.081117,-9.240014
2007-02-27,2457.49,13.504841,,31.859164,top,2.523347,7.170281,12.475542,52.836538,13.287134,0.653105
2007-02-28,2544.57,16.284594,top,34.760469,top,1.747996,2.053387,9.48181,42.353704,9.945885,-2.791434
2007-03-01,2473.54,12.822036,,31.398665,top,6.043198,6.722866,11.798695,46.246734,13.103083,0.083686
2007-03-02,2508.73,13.574498,,32.269246,top,4.0106,3.73604,10.331436,41.626335,11.516584,-1.32019
2007-03-05,2475.61,11.632206,,30.418304,top,5.522459,7.161746,14.087076,34.953653,15.127585,1.804808
2007-03-06,2520.29,12.813259,,31.669314,top,4.646933,5.874141,13.622833,36.613334,14.594352,2.743732
2007-03-07,2589.44,14.875478,,33.800748,top,0.305391,4.277264,11.733668,35.081329,12.449796,0.305858
2007-03-08,2627.63,15.709018,top,34.684228,top,0.679668,3.13533,11.40401,36.952385,12.079707,-1.151989
2007-03-09,2611.39,14.484407,,33.495805,top,-0.27456,3.937697,12.935584,38.503488,13.809504,-0.537262
2007-03-12,2616.17,14.0519,,33.113842,top,1.639288,5.497834,14.954394,40.740118,16.13045,-0.71899
2007-03-13,2640.17,14.333286,,33.446844,top,1.227208,5.305262,15.45959,42.443805,16.71862,-1.621486
2007-03-14,2597.36,12.055239,,31.255653,top,3.971873,7.428423,18.376044,46.093763,20.172791,0.264499
2007-03-15,2645.55,13.276112,,32.522528,top,2.455662,5.075829,18.288209,43.219297,20.067283,-1.561868
2007-03-16,2604.23,11.126992,,30.401882,top,4.212257,6.595396,19.635161,45.36987,21.97233,2.11886
2007-03-19,2659.41,12.6136,,31.927336,top,3.858547,6.92533,20.239515,46.352307,22.433171,0.502367
2007-03-20,2672.77,12.521663,,31.854645,top,4.078054,7.748692,20.582499,46.450923,22.853818,1.116071
2007-03-21,2702.6,13.043175,,32.391539,top,3.456551,7.456404,20.10709,43.072371,22.271146,0.322652
2007-03-22,2711.32,12.808142,,32.145857,top,2.620167,8.26868,15.006209,43.70011,21.877904,0.182568
2007-03-23,2716.27,12.436729,,31.762723,top,2.383139,8.997888,19.140908,39.981029,21.6558,1.758294
2007-03-26,2764.03,13.60642,,32.923429,top,3.066783,9.45656,21.625527,33.852407,24.141923,0.642178
2007-03-27,2784.02,13.724316,,33.060492,top,3.670638,10.154328,21.308603,34.428793,23.749111,-0.080459
2007-03-28,2797.65,13.595182,,32.957879,top,3.999854,10.947621,20.909578,36.758372,23.256304,-0.567262
2007-03-29,2783.3,12.506424,,31.861003,top,5.648513,13.21238,22.728972,32.664642,25.519348,-0.054611
2007-03-30,2781.78,11.881018,,31.221709,top,6.614748,13.039765,22.121343,30.241246,25.587933,2.456341
2007-04-02,2850.11,13.724242,,33.044774,top,6.389777,13.314186,22.204053,27.643883,24.862198,1.333282
2007-04-03,2888.11,14.441358,,33.760329,top,6.48369,12.833807,24.394769,28.284457,27.627757,0.820952
2007-04-04,2911.82,14.680065,,33.969707,top,6.947767,12.650686,23.990039,25.126406,27.112253,1.140867
2007-04-05,2945.04,15.23418,,34.499402,top,7.563867,6.737529,23.48129,18.32809,26.467213,0.915777
2007-04-06,2972.01,15.554965,top,34.799687,top,6.425016,10.14302,21.979948,22.186885,25.319565,2.226103
2007-04-09,3038.17,17.164427,top,36.367129,top,6.924409,12.168967,20.633716,22.933532,22.916756,1.428491
2007-04-10,3081.57,18.010346,top,37.134561,top,6.350117,11.154275,15.67827,20.31254,21.185629,1.289927
2007-04-11,3121.32,18.733204,top,37.755721,top,5.702919,9.961957,17.015521,19.407573,19.642331,0.928453
2007-04-12,3176.44,19.877123,top,38.823941,top,-0.826339,9.516593,17.35925,18.368274,18.957071,-0.822934
2007-04-13,3169.23,19.014718,top,37.920241,top,3.718004,9.081578,17.534342,18.679318,19.227699,-0.597306
2007-04-16,3256,21.101594,top,39.925127,top,5.244558,8.889867,16.274126,12.728457,17.673219,-3.246314
2007-04-17,3283.6,21.359696,top,40.068062,top,4.804158,11.560962,16.444073,14.333329,17.873371,-4.059569
2007-04-18,3304.5,21.370471,top,39.998702,top,4.259038,11.339353,17.562901,14.170601,19.199576,-4.666364
2007-04-19,3150.3,16.072706,top,34.566895,top,10.342931,16.743761,21.853019,18.934379,25.034124,4.411643
2007-04-20,3289.28,19.836404,top,38.195211,top,5.363574,11.836928,19.193135,18.857084,21.158734,4.31827
2007-04-23,3431.32,23.484914,top,41.688915,top,3.645309,8.464749,17.133168,19.178127,18.688435,0.404509
2007-04-24,3445.2,23.314615,top,41.362341,top,6.756804,4.523995,19.052392,18.885758,20.988332,0.0894
2007-04-25,3448.28,22.848575,top,40.71942,top,7.080315,7.053564,11.962316,21.032731,20.880265,0.644959
2007-04-26,3493.58,23.523556,top,41.28387,top,6.40083,7.842657,11.719066,20.842961,19.312854,-0.660068
2007-04-27,3470.52,22.284969,top,39.901141,top,6.473354,8.452764,9.173556,21.596967,20.105633,2.541118
2007-04-30,3558.71,24.206876,top,41.669166,top,4.81944,7.384259,-1.337476,21.454459,17.129241,-1.328571
2007-05-08,3686.03,27.047706,top,44.40367,top,-2.232809,4.883112,-1.404268,19.072432,13.083453,-4.736804
2007-05-09,3701.28,26.683779,top,44.03959,top,-0.026751,6.223548,-0.642378,14.771991,12.617527,-5.129307
2007-05-10,3724.51,26.530815,top,43.893028,top,1.441827,5.109258,2.067085,17.48606,11.915124,-5.721021
2007-05-11,3702.61,25.124907,top,42.547362,top,1.97941,7.356207,3.587955,21.666609,12.577074,-5.163385
2007-05-14,3734.42,25.137499,top,42.635553,top,2.564819,8.668419,5.152008,23.081644,11.618136,-5.971208
2007-05-15,3604.64,20.863698,top,38.390107,top,7.115921,14.528398,11.305945,27.055041,15.63679,-2.585834
2007-05-16,3700.29,22.727585,top,40.266449,top,6.2503,4.908752,10.702198,23.23388,12.647657,-5.103924
2007-05-17,3778.6,24.051399,top,41.587937,top,3.667431,3.876409,7.571838,23.451987,10.313079,-7.070608
2007-05-18,3776.63,23.228381,top,40.775588,top,5.376797,0.720792,8.200367,22.439098,10.370621,-7.022133
2007-05-21,3831.44,23.922687,top,41.457434,top,6.103599,-8.721735,9.838665,20.882017,10.338933,-8.352212
2007-05-22,3870.49,24.19471,top,41.704935,top,7.412477,-6.28738,9.42435,21.431146,9.882728,-9.276862
2007-05-23,3938.95,25.209974,top,42.684673,top,-1.341547,-6.865926,5.402379,19.744128,7.972937,-10.853654
2007-05-24,3919.75,24.042486,top,41.444587,top,0.208979,-3.042173,6.840882,18.619186,8.501818,-10.416991
2007-05-25,3985.25,24.994603,top,42.341133,top,-4.656004,-3.768252,1.646986,14.921789,6.718525,-11.889342
2007-05-28,4072.58,26.432042,top,43.729929,top,-14.825334,-3.516411,-4.906288,18.19806,4.430116,-13.778735
2007-05-29,4168.29,27.847143,top,45.253327,top,-13.699856,-3.222452,-5.932203,17.645908,2.032248,-15.7585
2007-05-30,3886.46,20.14009,top,37.547883,top,-5.524379,5.793445,3.886478,26.222412,9.431205,-9.649655
2007-05-31,3927.95,20.442013,top,37.901839,top,-3.251151,3.695429,-1.783397,26.814328,8.275309,-10.604005
2007-06-01,3803.95,16.562284,top,34.026881,top,0.887752,7.479574,-1.053653,31.599369,11.804834,-7.689901
2007-06-05,3634.63,10.903384,,28.3213,top,10.477404,15.71173,5.293956,36.805785,17.013286,1.181688
2007-06-06,3677.58,11.523237,,28.904852,top,11.317825,12.268306,1.778745,34.096973,15.646702,1.794658
2007-06-07,3802.3,14.262761,,31.630225,top,6.946581,9.883055,-7.220285,32.095006,11.853352,-6.965784
2007-06-08,3837.87,14.575794,,31.948711,top,6.591822,5.415238,-3.381018,32.218723,10.816677,-7.82804
2007-06-11,3931.86,16.336457,top,33.726979,top,7.251476,-1.389877,-2.852192,32.083007,8.167636,-10.031385
2007-06-12,4036.11,18.259017,top,35.674854,top,5.234326,-2.709751,-6.671675,28.374418,5.373739,-12.355213
2007-06-13,4118.27,19.523172,top,36.982623,top,0.950481,-1.906968,-8.310145,26.413696,3.271519,-14.103738
2007-06-14,4075.82,17.785891,top,35.279195,top,2.936474,-5.478826,-6.562814,28.355415,4.347101,-13.209121
2007-06-15,4099.38,17.634523,top,35.189602,top,-1.176584,-8.533227,-7.055391,25.588758,3.747396,-13.707927
2007-06-18,4227.57,19.956049,top,37.570707,top,-8.641353,-11.783094,-13.384334,24.054415,0.601528,-16.324508
2007-06-19,4253,19.79807,top,37.479167,top,-7.944076,-10.417774,-11.535095,18.632833,-1.310134,-16.82483
2007-06-20,4157.6,16.836789,top,34.559913,top,-2.857449,-10.489561,-8.794679,22.427049,0.954397,-14.916298
2007-06-21,4197.28,17.084222,top,34.865872,top,-8.415301,-17.103339,-9.759522,24.265426,-3.474869,-15.720657
2007-06-22,4051.43,12.920571,,30.731675,top,-7.356643,-8.796256,-1.983037,28.682522,-0.270275,-12.686632
2007-06-27,4040.48,11.024534,,28.767913,top,-7.632112,-6.403178,5.183937,29.359762,5.320655,-12.450006
2007-07-30,4410.3,12.224685,,27.55196,top,6.446624,6.811817,17.297975,22.232422,18.884203,-2.716822
2007-07-31,4460.56,13.027633,,28.211194,top,5.7498,7.241826,16.329084,22.679025,17.737907,-3.812974
2007-08-02,4436.19,11.927618,,26.690581,top,7.407754,6.242383,16.67603,23.390419,18.384695,3.656065
2007-08-03,4598.38,15.13998,,29.718666,top,2.751899,0.611387,14.140069,17.411005,15.18861,0.613259
2007-08-06,4703.98,17.002447,top,31.397606,top,0.365193,3.784835,14.153371,13.061285,15.203934,-1.645415
2007-08-07,4724.55,16.96955,top,31.251578,top,1.492026,5.119264,12.625322,11.824035,14.702353,-2.073637
2007-08-08,4668.09,15.363584,top,29.496774,top,2.760547,7.897285,13.882014,13.646432,16.089664,-0.889229
2007-08-09,4777.29,17.261011,top,31.243277,top,-1.165371,7.23875,12.475266,6.412515,13.436069,-3.154717
2007-08-10,4726.68,15.802854,top,29.624415,top,-2.140512,9.881064,11.350026,6.42862,14.650664,-2.117766
2007-08-13,4721.19,15.319867,top,28.979505,top,3.419642,10.486158,13.011063,5.301754,14.783985,-2.003944
2007-08-14,4795.57,16.503122,top,30.008047,top,3.627239,9.087259,6.626037,2.95189,13.003668,-3.523877
2007-08-15,4798.75,16.217597,top,29.557148,top,5.136737,7.486919,8.085301,6.984287,12.928784,-3.587809
2007-08-16,4721.94,14.276894,,27.465526,top,8.40412,10.433647,12.487122,7.331001,14.765753,-2.019509
2007-08-20,4885.43,17.090358,top,29.915164,top,7.066516,10.368536,11.829258,2.206398,12.557339,1.786537
2007-08-21,4972.71,18.536077,top,31.108953,top,5.46002,7.506058,9.656333,1.925356,10.581755,1.588269
2007-08-22,5051.69,19.64289,top,32.112916,top,2.350182,5.984729,7.023828,-1.076104,8.852879,1.433184
2007-08-23,5135.93,20.81283,top,33.163046,top,2.029527,5.236516,6.756309,-7.336552,7.067464,-0.230533
2007-08-24,5217.58,21.826817,top,34.129824,top,1.507106,1.468963,4.689751,-7.178569,5.391963,-1.791827
2007-08-27,5243.15,21.629953,top,33.998803,top,3.30202,2.524905,5.034971,-8.828988,5.16388,-2.270772
2007-08-28,5251.77,21.158073,top,33.554996,top,2.046038,-2.461221,3.789779,-10.863312,4.99127,-2.43118
2007-08-29,5171.82,19.039794,top,31.449442,top,3.634548,0.598382,3.59296,-10.662629,6.614306,-0.922886
2007-08-30,5241.23,19.813554,top,32.20749,top,3.20699,2.053475,3.49519,-7.921389,5.202405,-2.234972
2007-08-31,5296.81,20.304412,top,32.67486,top,-0.038143,1.879037,5.222917,-11.161418,5.361718,-3.260831
2007-09-03,5419.17,22.016495,top,34.349103,top,-0.777116,1.460722,4.226848,-12.703677,4.317451,-5.445114
2007-09-04,5360.33,20.4185,top,32.669388,top,-4.507259,2.150275,5.720889,-10.434265,5.887697,-4.407191
2007-09-05,5363.25,19.999299,top,32.129483,top,-3.036166,1.039099,5.839467,-7.696552,6.013331,-4.459236
2007-09-06,5412.04,20.399006,top,32.4441,top,-1.153515,1.519793,6.232526,-8.4993,6.430847,-5.320545
2007-09-07,5294.79,17.758308,top,29.682394,top,1.91718,3.220789,8.025145,-4.904941,8.787695,-3.223924
2007-09-10,5377.22,18.871854,top,30.653293,top,2.237838,2.510066,7.937786,-4.637214,8.261332,-4.707451
2007-09-13,5349.97,17.221525,top,28.559637,top,2.673308,1.441715,4.84842,-9.106497,9.854822,0.206543
2007-09-14,5397.28,17.605113,top,28.885945,top,1.303608,3.34388,3.937904,-8.093723,8.891886,-0.67182
2007-09-17,5498.91,18.875328,top,30.189325,top,0.272229,2.766125,-0.478145,-12.406922,6.879363,-2.507588
2007-09-18,5476.84,17.907885,top,29.236783,top,-0.406534,3.570613,1.148245,-12.570046,7.310055,-2.114723
2007-09-19,5419.27,16.350555,top,27.647131,top,-1.080686,4.800368,3.066211,-9.132332,8.450031,-1.074868
2007-09-20,5494.92,17.145933,top,28.485163,top,-1.231593,4.712733,-2.976197,-8.697564,6.956971,-2.932345
2007-09-21,5468.1,16.045009,top,27.455685,top,2.040272,4.804357,-1.349383,-6.932799,7.481575,-2.456246
2007-09-24,5513.9,16.252611,top,27.756983,top,2.493897,5.427719,-0.100524,-5.724334,6.588803,-3.266472
2007-09-28,5580.81,14.999792,,26.967009,top,2.764085,0.594024,-1.951981,-4.44323,5.310878,-4.426239
2007-10-08,5653.14,15.653927,top,27.744699,top,2.933823,-3.24427,-5.318933,-4.857526,3.963461,-5.649073
2007-10-09,5675.93,15.403202,top,27.643574,top,3.484603,-2.422368,-6.522176,-4.576414,3.546027,-6.314031
2007-10-10,5685.76,14.928928,,27.321444,top,2.404311,-1.734157,-6.075049,-3.619387,3.367008,-6.476003
2007-10-11,5760.08,15.568452,top,28.123691,top,-2.537621,-7.688931,-12.295277,-3.596675,2.033305,-11.569457
2007-10-12,5737.22,14.524731,,27.23506,top,-2.170061,-6.153739,-12.946552,-3.713964,2.439858,-12.143512
2007-10-15,5821.45,15.271417,top,28.204429,top,-6.178093,-5.528243,-15.647095,-3.632864,0.957665,-14.484364
2007-10-16,5877.2,15.530669,top,28.6665,top,-5.906971,-4.901589,-17.386898,-3.551222,-0.903151,-15.9593
2007-10-17,5824.12,13.957698,,27.284513,top,-4.138468,-2.355429,-12.380958,-2.169087,-2.327905,-15.193368
2007-11-22,4772.62,-12.051605,bottom,-0.100052,,1.444689,4.073768,5.395297,-5.44321,7.697659,-2.59543
2007-11-27,4711.15,-12.930674,bottom,-1.990723,,2.475085,8.712104,10.195406,-1.909155,10.73326,-1.324517
2007-11-28,4648.75,-14.101308,bottom,-3.492348,,6.600625,8.819898,12.448848,0.553454,13.256897,1.907179
2007-11-30,4737.41,-11.913178,bottom,-1.938274,,6.218333,4.946732,11.941106,-1.408528,13.300939,0.744289
2008-03-10,4431.59,-12.557839,bottom,-15.292744,,-11.118197,-13.884542,-13.007682,-23.25329,0.216401,-19.938893
2008-03-11,4441.18,-12.142395,bottom,-14.938729,,-16.545117,-12.846516,-18.580326,-24.116165,-2.9616,-20.111772
2008-03-12,4309.65,-14.87452,bottom,-17.772401,bottom,-10.274064,-9.62023,-13.784298,-29.565798,-2.568422,-17.673593
2008-03-13,4198.96,-17.162381,bottom,-20.224511,bottom,-4.808512,-11.336908,-10.412658,-29.051854,-0.978576,-15.503363
2008-03-14,4157.87,-17.837882,bottom,-21.038346,bottom,-2.92955,-5.938077,-16.191346,-29.857121,-2.887055,-14.948519
2008-03-17,3965.28,-22.271851,bottom,-25.555868,bottom,-2.766346,-4.507062,-10.129231,-28.594852,1.829631,-10.817647
2008-03-18,3763.95,-27.073486,bottom,-30.500421,bottom,3.698601,-4.931036,-7.4416,-24.290473,7.276398,-7.171456
2008-03-19,3888.86,-23.481127,bottom,-26.972607,bottom,0.653834,-9.173763,-13.828073,-31.336879,3.830686,-12.914582
2008-03-20,4001.83,-20.336541,bottom,-23.867393,bottom,-6.528396,-9.183283,-20.119754,-29.105371,0.899588,-18.224912
2008-03-21,4037.83,-19.131769,bottom,-22.744982,bottom,-3.008526,-4.872057,-21.166695,-37.57488,-2.963721,-19.076583
2008-03-24,3857.09,-23.308116,bottom,-27.054807,bottom,-1.740716,0.87686,-15.711845,-30.270982,1.583318,-15.28458
2008-03-25,3905.77,-21.643705,bottom,-25.542748,bottom,-8.629637,-5.73381,-12.300014,-33.643486,0.317223,-16.34044
2008-03-26,3914.37,-20.978484,bottom,-25.058106,bottom,-9.827597,-4.164068,-3.638647,-31.666195,0.096823,-16.524243
2008-03-27,3748.92,-24.789132,bottom,-29.093726,bottom,-2.654887,0.92425,1.434084,-23.306074,4.514367,-12.840231
2008-03-28,3918.16,-19.905285,bottom,-24.438238,bottom,-1.863531,-10.253269,-4.944183,-27.339353,-0.691651,-16.604988
2008-03-31,3790.53,-22.665667,bottom,-27.476795,bottom,2.617576,-5.622169,-0.359169,-29.718131,2.652136,-13.797015
2008-04-01,3582.85,-27.683184,bottom,-32.77725,bottom,2.895827,-2.510564,9.986321,-24.946486,10.501975,-8.800257
2008-04-02,3547.98,-28.011156,bottom,-33.401844,bottom,5.663529,-4.65431,13.37646,-27.373795,14.312369,-7.903934
2008-04-03,3650.7,-24.526315,bottom,-30.206608,bottom,3.579137,-10.936471,9.409423,-30.181532,11.095954,-10.495247
2008-04-07,3845.82,-18.732712,bottom,-24.688834,bottom,-8.389738,-16.294638,-0.639093,-33.153517,5.459434,-15.036325
2008-04-08,3891.06,-16.962946,bottom,-23.202467,bottom,-8.239745,-16.588705,0.869493,-35.004874,4.233294,-16.024168
2008-04-09,3688.12,-21.652062,bottom,-28.210363,bottom,-5.406391,-6.566204,5.043992,-24.636867,9.968765,-11.403371
2008-04-10,3754.72,-19.183527,bottom,-26.067861,bottom,-10.317839,0.525421,3.922358,-25.76687,8.018174,-12.974869
2008-04-11,3783.73,-17.719543,bottom,-24.939549,bottom,-14.515608,0.509834,1.780172,-22.706735,7.189995,-13.642094
2008-04-14,3536.33,-23.680441,bottom,-31.308211,bottom,-7.9049,5.309086,11.713149,-17.327241,14.688957,-7.600535
2008-04-15,3583.3,-21.5587,bottom,-29.637926,bottom,-8.34896,5.262999,9.694775,-19.329326,13.185611,-8.81171
2008-04-16,3494.02,-23.252662,bottom,-31.7938,bottom,-1.159813,12.496884,11.914253,-16.05165,16.077756,-6.481646
2008-04-17,3386.63,-25.570095,bottom,-34.552878,bottom,10.84326,18.03077,14.474243,-17.147126,19.75858,-3.51618
2008-04-18,3272.5,-28.197333,bottom,-37.585246,bottom,15.025442,20.345894,12.569866,-17.555459,23.935218,-0.151261
2008-04-21,3267.55,-27.520532,bottom,-37.330023,bottom,13.213986,15.655544,14.649009,-18.41184,24.122967,0.879252
2008-04-22,3296.28,-25.926156,bottom,-36.096227,bottom,13.61196,17.458198,11.862538,-15.76689,23.041125,4.776597
2008-04-23,3453.73,-20.751594,bottom,-31.087578,bottom,13.656697,11.610196,6.213914,-17.094097,17.431878,6.41104
2008-04-24,3774.5,-11.398367,,-21.899223,bottom,7.18751,3.396937,-5.87265,-26.192404,7.452113,-5.703537
2008-04-25,3803.07,-10.160829,,-20.826642,bottom,5.320453,1.270338,-6.150785,-27.686623,6.644895,-6.411925
2008-04-28,3729.15,-11.588445,,-22.44024,bottom,2.441559,6.404063,-1.429256,-22.514332,8.758832,-4.556802
2008-04-29,3776.94,-9.934247,,-20.839888,bottom,3.846238,4.431776,-5.330837,-25.077672,7.382696,-5.764455
2008-05-07,3821.32,-7.633786,,-18.653682,bottom,3.962504,-1.006535,-7.451629,-30.911751,4.042059,-7.180765
2008-05-09,3878.92,-5.298527,,-16.735016,bottom,1.46387,-5.396282,-10.57983,-33.557291,2.497087,-10.039392
2008-05-13,3851.69,-5.209428,,-17.04602,bottom,-3.725914,-7.421123,-20.419368,-34.7259,3.221703,-18.469555
2008-05-20,3710.82,-6.84139,,-19.705596,bottom,-3.695209,-2.640725,-21.555483,-41.734273,1.94647,-23.394829
2008-05-21,3783.05,-4.527334,,-17.553606,bottom,-2.864279,-6.445094,-31.057195,-43.709503,-1.892917,-26.697242
2008-05-22,3711.44,-6.097455,,-19.268351,bottom,-3.581415,-5.51944,-26.421674,-41.63079,-0.948688,-25.282909
2008-05-23,3675.15,-6.724363,,-20.032011,bottom,-1.751782,-5.183549,-27.557386,-46.287564,0.029387,-24.545121
2008-05-26,3559.22,-9.470406,,-23.006712,bottom,1.854181,-10.434271,-22.154897,-41.577737,3.287518,-22.087424
2008-05-27,3576.2,-8.547984,,-22.319435,bottom,1.054484,-12.998245,-18.589373,-34.49201,2.797103,-22.457357
2008-05-28,3676.23,-5.361228,,-19.379286,bottom,-3.580815,-17.545606,-20.965915,-40.825991,-1.37097,-24.567288
2008-05-29,3580.87,-7.468192,,-21.771682,bottom,-1.938025,-18.397783,-24.028125,-39.808499,1.255561,-22.558484
2008-05-30,3611.33,-6.162326,,-20.713637,bottom,-3.431767,-20.151192,-25.738241,-40.837825,0.401514,-23.21167
2008-06-02,3625.83,-5.325482,,-20.097568,bottom,-12.288452,-24.333596,-29.544275,-44.155852,-0.323236,-25.579798
2008-06-03,3614.11,-5.181415,,-20.192643,bottom,-14.052729,-18.914758,-29.174202,-44.100087,-1.859102,-25.338465
2008-06-04,3546.92,-6.586296,,-21.801515,bottom,-13.964791,-24.612101,-25.062795,-41.769949,-0.980569,-23.924137
2008-06-05,3512.14,-7.166381,,-22.510919,bottom,-16.459758,-20.902234,-24.759266,-38.424622,-0.644621,-23.170773
2008-06-06,3489.5,-7.39182,,-22.863204,bottom,-16.719426,-22.373837,-19.101029,-41.287031,-8.108325,-22.672303
2008-06-10,3206.56,-15.357272,bottom,-30.95237,bottom,-12.045144,-11.720626,-9.985369,-33.865327,-2.066389,-15.849072
2008-06-11,3140.3,-16.972271,bottom,-32.658332,bottom,-4.862029,-5.591128,-4.067539,-33.518529,-1.772761,-14.073496
2008-06-12,3084.63,-18.279084,bottom,-34.064787,bottom,-10.64731,-3.420309,-3.661466,-31.499052,-2.253107,-12.522734
2008-06-13,2979.12,-21.314651,bottom,-37.178382,bottom,-4.442476,-5.630341,-0.863705,-31.073092,1.208746,-9.424595
2008-06-16,2952.24,-21.853413,bottom,-37.693349,bottom,-5.654411,-5.587049,0.797223,-32.807736,2.130247,-8.599911
2008-06-17,2842.68,-25.159303,bottom,-41.084196,bottom,0.324518,-5.210679,0.361679,-28.433872,6.066458,-5.077251
2008-06-18,2991.27,-19.602461,bottom,-35.631073,bottom,-0.729099,-10.259443,-8.569842,-33.340734,0.797655,-9.792496
2008-06-19,2773.08,-26.595471,bottom,-42.780158,bottom,7.227001,-0.450695,-2.003655,-29.138155,8.728562,-2.694838
2008-06-20,2849.67,-23.405851,bottom,-39.626214,bottom,-1.187866,-3.857032,-1.207754,-31.586949,5.806286,-5.310089
2008-06-23,2789.94,-25.006405,bottom,-41.288603,bottom,0.067362,3.272808,4.249375,-33.254796,8.0715,-3.282866
2008-06-24,2851.92,-22.313677,bottom,-38.624759,bottom,-5.535198,1.735257,1.835143,-39.091814,5.722811,-5.384793
2008-06-25,2969.54,-17.907172,bottom,-34.136036,bottom,-9.530344,1.523589,-2.946465,-44.866593,1.535255,-9.132391
2008-06-26,2980.91,-17.084256,bottom,-33.297224,bottom,-7.677695,-0.241157,-0.119162,-36.317873,1.147972,-9.478985
2008-06-27,2816.02,-22.314313,bottom,-38.47504,bottom,-2.669167,4.766637,4.281289,-24.341406,7.070617,-4.178592
2008-06-30,2791.82,-22.802154,bottom,-38.823914,bottom,3.205446,6.384272,5.878268,-27.363746,7.998725,-3.347995
2008-07-01,2698.35,-25.802864,bottom,-41.683817,bottom,7.270454,5.572359,7.400976,-23.237217,11.739767,0.046325
2008-07-02,2699.6,-25.301663,bottom,-41.081787,bottom,11.053933,1.689602,6.620636,-19.400759,11.688028,0.684175
2008-07-03,2760.61,-22.545288,bottom,-38.288034,bottom,7.436539,-1.55296,1.602673,-20.734321,9.219701,-1.540964
2008-07-04,2741.85,-22.671858,bottom,-38.388841,bottom,7.435803,2.649278,3.544931,-25.312141,9.966993,-0.867298
2008-07-07,2882.76,-17.269325,bottom,-32.828126,bottom,3.178826,0.976567,-3.876431,-31.564484,4.59178,-5.712928
2008-07-08,2901.84,-16.193891,bottom,-31.602273,bottom,-1.698096,0.099887,-7.095315,-36.082278,3.904075,-6.849447
2008-07-09,3015.13,-11.987946,bottom,-27.214647,bottom,-9.364332,-4.470054,-10.238994,-41.284853,-1.252682,-10.349471
2008-07-10,2973.73,-13.0943,bottom,-28.021792,bottom,-8.989499,0.121994,-8.902343,-44.430671,0.122069,-9.101364
2008-07-11,2953.5,-13.466777,bottom,-28.114377,bottom,-4.786525,-0.485347,-13.076948,-39.712517,0.807855,-12.257999
2008-07-14,2975.87,-12.456344,bottom,-26.778652,bottom,-2.202259,-0.506004,-19.167267,-43.062551,0.050069,-17.442294
2008-07-15,2852.98,-16.409359,bottom,-30.425937,bottom,1.797982,1.828617,-15.466256,-39.89807,4.359652,-14.329578
2008-07-16,2745.6,-19.984237,bottom,-33.696251,bottom,4.894278,4.931034,-11.608949,-41.066875,8.441142,-10.979021
2008-07-17,2718.07,-20.718487,bottom,-34.118008,bottom,9.111493,3.155633,-10.648654,-39.382627,9.539489,-10.101285
2008-07-18,2815.46,-16.958183,bottom,-30.088439,bottom,4.301178,0.895652,-14.001362,-39.499431,5.750392,-13.210985
2008-07-21,2911.05,-13.347855,bottom,-26.345084,bottom,1.696255,-4.852998,-22.979554,-43.649235,2.277872,-20.530393
2008-07-22,2904.74,-13.128157,bottom,-26.105631,bottom,0.030635,-7.195202,-21.257983,-46.021535,2.500052,-20.35776
2008-07-23,2883.32,-13.404427,bottom,-26.370914,bottom,0.036756,-5.76894,-12.956172,-45.201782,3.261518,-19.766103
2008-07-24,2977.36,-9.814196,,-22.6941,bottom,-5.95586,-9.024337,-19.740914,-51.352516,-0.554518,-22.300293
2008-07-25,2939.2,-10.678134,,-23.583374,bottom,-3.405525,-12.591601,-20.061664,-57.453584,0.736595,-21.291508
2008-07-28,2960.85,-9.434203,,-22.445261,bottom,-6.549253,-18.661263,-20.977851,-55.143046,-1.865005,-21.867031
2008-07-29,2905.63,-10.725942,,-23.921163,bottom,-7.225837,-17.294873,-22.012553,-56.09055,-0.731339,-20.382155
2008-07-30,2884.38,-10.877832,,-24.262456,bottom,-5.805696,-16.539983,-21.546521,-53.005914,-1.511243,-19.795589
2008-07-31,2805.21,-13.13298,bottom,-26.644343,bottom,-3.068477,-13.804287,-18.309827,-52.245841,1.268354,-17.532021
2008-08-01,2840.79,-11.306093,,-24.902763,bottom,-9.186076,-14.897014,-17.210286,-54.116374,-2.381028,-18.564906
2008-08-04,2773.15,-13.134848,bottom,-26.820024,bottom,-12.11201,-18.126555,-18.309571,-53.277902,-1.855652,-16.731154
2008-08-05,2703.08,-15.058633,bottom,-28.892453,bottom,-10.069036,-14.062781,-16.784642,-46.882345,0.688474,-15.451633
2008-08-06,2721.69,-13.77138,bottom,-27.706615,bottom,-10.734287,-7.187233,-19.211996,-50.061107,-0.045927,-17.479213
2008-08-07,2720.44,-13.145237,bottom,-27.26564,bottom,-10.73581,-10.716577,-18.935244,-48.329234,-4.741145,-17.441296
2008-08-08,2591.46,-17.271034,bottom,-31.580431,bottom,-5.710939,-7.470063,-17.132439,-36.350741,-2.258187,-15.745178
2008-08-11,2456.81,-21.803088,bottom,-36.313167,bottom,-6.014546,-2.316588,-14.437692,-32.148664,3.098734,-13.443856
2008-08-12,2444.16,-21.514259,bottom,-36.246289,bottom,-3.993745,-4.71768,-13.329295,-30.490424,3.632332,-12.995876
2008-08-13,2444.67,-20.794704,bottom,-35.646825,bottom,3.547054,-5.006538,-13.161944,-26.579227,3.610712,-13.014026
2008-08-14,2443.51,-20.097623,bottom,-35.153751,bottom,0.019233,-4.50554,-16.485847,-22.886788,3.659899,-15.198628
2008-08-15,2447.61,-19.222391,bottom,-34.487628,bottom,-1.759124,-2.313272,-16.377833,-20.837536,3.486258,-15.340679
2008-08-18,2313.4,-24.093716,bottom,-39.594528,bottom,3.697957,-0.183015,-14.524618,-22.905056,9.489928,-13.519063
2008-08-19,2348.47,-21.901269,bottom,-37.532893,bottom,-0.723935,-2.721861,-19.668974,-18.431548,7.854901,-17.855455
2008-08-20,2532.94,-13.743072,bottom,-29.460605,bottom,-8.553592,-12.024764,-28.963955,-27.060241,-3.512124,-25.146668
2008-08-21,2443.98,-16.609142,bottom,-32.487795,bottom,-4.524773,-8.218666,-16.457796,-24.092254,-1.597804,-22.422033
2008-08-22,2404.93,-17.538322,bottom,-33.50892,bottom,-0.554147,-9.662376,-8.561031,-26.903866,-0.182126,-21.162362
2008-08-25,2400.55,-17.014008,bottom,-33.126854,bottom,-3.880973,-12.121104,-12.264163,-26.904039,-0.371165,-21.018517
2008-08-26,2331.53,-19.170415,bottom,-35.469945,bottom,-1.997927,-8.611615,-8.62564,-23.486419,2.578135,-18.680437
2008-08-27,2325.29,-18.674924,bottom,-35.144624,bottom,-3.471172,-8.155406,-4.474874,-21.765503,2.853408,-18.462213
2008-08-28,2335.86,-17.498614,bottom,-34.112979,bottom,-3.693893,-11.980307,-4.027167,-24.410788,2.387986,-18.83118
2008-08-29,2391.64,-14.465285,bottom,-31.234299,bottom,-9.108229,-14.064562,-11.646786,-24.914732,-3.448261,-20.724273
2008-09-01,2309.17,-17.260096,bottom,-34.198354,bottom,-8.240131,-14.341602,-9.378482,-21.168261,-1.028941,-17.893009
2008-09-02,2285.41,-17.733343,bottom,-34.712351,bottom,-6.613689,-16.947113,-12.20232,-15.734777,-1.499075,-17.039393
2008-09-03,2245.96,-18.926859,bottom,-35.949047,bottom,-4.684234,-16.939192,-11.833863,-12.45575,0.231082,-15.582201
2008-09-04,2251.15,-18.182879,bottom,-35.223177,bottom,-8.286413,-8.23913,-16.593085,-11.172564,-0.332719,-15.776825
2008-09-05,2183.43,-20.744927,bottom,-37.812733,bottom,-4.956333,1.101345,-9.50313,-4.132439,2.758504,-13.164608
2008-09-08,2126.52,-22.87242,bottom,-40.024656,bottom,-6.101471,-0.143059,-9.457592,-4.112045,5.50853,-10.840716
2008-09-09,2139.15,-21.840623,bottom,-38.97192,bottom,-10.333425,-0.014025,-11.102519,-2.019174,4.885585,-11.367132
2008-09-10,2143.18,-21.119867,bottom,-38.292131,bottom,-12.254958,3.680532,-16.295982,-4.623788,4.68836,-15.037468
2008-09-11,2072.13,-24.048934,bottom,-41.140965,bottom,0.047283,7.95314,-12.248126,-5.543873,8.277956,-12.124239
2008-09-12,2077.85,-23.28398,bottom,-40.389971,bottom,6.057678,2.417776,-9.120235,-5.075012,7.979883,-12.366148
2008-09-16,2000.65,-26.567284,bottom,-43.664653,bottom,5.958412,4.96312,-6.145063,-0.31038,12.146552,-8.98458
2008-09-17,1929.14,-29.615942,bottom,-46.768652,bottom,10.319399,4.744793,-5.094578,3.678262,16.303638,-5.61079
2008-09-18,1895.99,-30.657127,bottom,-47.999291,bottom,15.935489,5.105329,-3.281655,7.570556,18.337122,-3.960464
2008-09-19,2073.11,-21.137219,bottom,-38.565348,bottom,7.905857,-8.353954,-15.153806,-1.018136,8.22677,-14.061483
2008-09-22,2207.61,-14.454438,bottom,-31.84567,bottom,-3.639902,-10.604475,-28.830889,-9.002658,1.632988,-25.046997
2008-09-23,2123.48,-17.902239,bottom,-35.329645,bottom,-0.995292,-9.314533,-21.901032,-10.127809,5.659578,-22.077439
2008-09-24,2138.85,-16.813201,bottom,-34.219277,bottom,-5.574606,-11.088494,-25.452356,-12.524294,4.900297,-22.637399
2008-09-25,2223.53,-12.616377,bottom,-29.940809,bottom,-10.830161,-19.976514,-26.984519,-17.274591,0.905317,-25.583644
2008-09-26,2243.66,-11.372992,,-28.593479,bottom,-16.259811,-20.201266,-29.908847,-18.640358,-5.123771,-26.251304
2008-10-06,2128.7,-16.225358,bottom,-33.36018,bottom,-6.964573,-11.538011,-25.259302,-13.775616,-1.233147,-22.321605
2008-10-07,2102.45,-16.945377,bottom,-34.155333,bottom,-8.319241,-11.108184,-25.589849,-13.690935,-3.784632,-22.577945
2008-10-08,2022.88,-20.213585,bottom,-37.524422,bottom,-5.513888,-9.839371,-17.895383,-10.693927,-1.363403,-19.532548
2008-10-09,1995.3,-20.897533,bottom,-38.389681,bottom,-9.146353,-8.386983,-19.015247,-5.794941,-0.491655,-18.420288
2008-10-10,1906.96,-24.700286,bottom,-42.45345,bottom,-3.941455,-6.799851,-12.800906,1.861988,4.118073,-14.641104
2008-10-13,1985.49,-20.001685,bottom,-37.960167,bottom,-4.573438,-18.226414,-9.715172,-2.773452,-2.562088,-18.017215
2008-10-14,1934.62,-21.878994,bottom,-40.106878,bottom,-2.788943,-12.586499,-8.253381,-2.439815,-1.047234,-15.861513
2008-10-15,1914.36,-22.279915,bottom,-40.734082,bottom,-4.325483,-14.363863,-6.05861,0.208729,-0.920934,-14.971061
2008-10-16,1820.9,-26.638812,bottom,-45.317973,bottom,0.75937,-7.008005,2.878699,5.335361,4.164424,-10.606843
2008-10-17,1833.26,-25.339916,bottom,-44.223397,bottom,-2.858397,-9.707581,5.847185,2.314732,6.021514,-11.209539
2008-10-20,1896.73,-21.28597,bottom,-40.410192,bottom,-13.652976,-13.721291,4.660533,3.03816,4.770842,-14.180722
2008-10-21,1881.41,-21.362987,bottom,-40.758948,bottom,-9.797556,-14.481666,-2.235375,3.83022,5.623974,-13.48191
2008-10-22,1833.32,-23.182769,bottom,-42.774614,bottom,-10.038379,-8.056012,6.332004,8.211163,8.394607,-11.212445
2008-10-23,1834.78,-22.344305,bottom,-42.109987,bottom,-7.767375,-10.628264,5.18537,9.243327,8.308353,-11.283097
2008-10-24,1781.6,-24.413087,bottom,-44.469017,bottom,-6.849184,-6.001055,7.519349,12.815169,11.541311,-8.634935
2008-10-27,1654.67,-30.858287,bottom,-51.221678,bottom,-0.068315,8.511242,10.488055,20.034209,20.097663,-1.626306
2008-10-28,1705.82,-26.881029,bottom,-47.494977,bottom,-4.68411,4.333118,7.261155,18.113178,16.496465,-4.576098
2008-10-29,1658.22,-28.775285,bottom,-49.594002,bottom,1.982367,8.305253,10.591578,20.361038,19.840552,-1.836909
2008-10-30,1697.66,-25.526141,bottom,-46.53291,bottom,-2.860889,9.886704,9.69389,19.202695,17.056419,-4.117432
2008-10-31,1663.66,-26.677204,bottom,-47.888712,bottom,0.84813,15.554765,9.525226,23.715123,19.448685,-2.157893
2008-11-03,1653.54,-26.37229,bottom,-47.791534,bottom,8.579557,18.381823,11.991356,27.015298,20.179736,-1.559079
2008-11-04,1627.76,-27.052836,bottom,-48.656924,bottom,9.017228,12.24629,13.800071,27.871407,22.083108,1.352779
2008-11-05,1691.42,-22.423017,bottom,-44.121513,bottom,6.322885,14.388016,14.362925,27.969243,17.488264,-2.461837
2008-11-06,1649.78,-24.068021,bottom,-45.913883,bottom,12.747593,15.813633,18.39336,33.08183,20.453636,1.700227
2008-11-07,1677.83,-21.550662,bottom,-43.491862,bottom,14.706636,13.520403,18.221427,32.697115,19.987126,6.17047
2008-11-10,1801.67,-13.794942,bottom,-35.678112,bottom,9.802266,1.976813,15.085863,25.764341,16.283226,-1.127287
2008-11-11,1781.36,-14.382823,bottom,-36.111777,bottom,3.229062,2.928037,13.598927,26.347429,17.609018,1.148561
2008-11-12,1801.82,-12.718976,bottom,-34.278758,bottom,8.065131,2.286325,15.141955,28.627973,16.34847,1.559534
2008-11-13,1874.08,-8.321077,,-29.741918,bottom,3.066041,-0.192814,8.793496,27.295769,11.862354,-2.356356
2008-11-14,1943.65,-4.266215,,-25.487597,bottom,-1.186233,-6.02954,0.857068,20.475306,7.858411,-5.851362
2008-11-17,1987.22,-1.670302,,-22.696116,bottom,-7.825454,-6.390467,-0.615309,13.561254,5.493604,-7.915581
2008-11-18,1839.82,-8.985822,,-29.787756,bottom,-0.301026,1.55378,8.070058,22.254984,13.945386,-0.538096
2008-11-19,1953.16,-2.679871,,-23.268153,bottom,-5.778806,-0.025091,2.440835,18.254681,7.333245,-6.309775
2008-11-20,1932.43,-3.246776,,-23.777896,bottom,-3.258854,2.579727,5.666841,22.104762,8.484654,-5.30472
2008-11-21,1920.73,-3.416243,,-23.786574,bottom,-4.843307,4.701024,6.616321,18.100783,9.145481,-4.72789
2008-11-24,1837.64,-7.361707,,-27.610892,bottom,1.434987,13.109051,9.340176,22.62731,14.08056,-0.420104
2008-11-25,1834.29,-7.065905,,-27.180056,bottom,1.854806,10.67089,4.512068,17.733081,14.288907,-0.238239
2008-11-26,1843.49,-6.151556,,-26.060821,bottom,5.753715,12.85563,2.336485,14.937426,13.718545,-0.736104
2008-11-27,1870.47,-4.311223,,-23.998676,bottom,5.838581,8.98631,0.016037,14.607819,12.078248,-2.167904
2008-11-28,1829.92,-6.070245,,-25.586861,bottom,9.544331,6.886608,1.743263,15.753775,14.561839,1.758547
2008-12-01,1864.2,-3.761153,,-23.148151,bottom,11.674064,5.775158,-0.50767,20.359966,12.455209,-0.506383
2008-12-02,1868.63,-3.143757,,-22.334304,bottom,8.816085,6.516278,-1.901156,20.984043,12.188609,-1.883198
2008-12-03,1952.67,1.543463,,-17.48683,bottom,7.101915,2.465926,-7.16147,15.785958,7.360179,-6.91105
2008-12-25,1870.77,-1.138645,,-16.544637,bottom,0.64949,2.633439,9.492767,28.37173,9.957932,-2.835731
2008-12-26,1862.1,-1.266519,,-16.669373,bottom,4.242535,0.753824,12.446634,29.7697,13.25439,-2.383331
2008-12-29,1854.76,-1.41908,,-16.727726,bottom,4.037591,5.275764,15.531611,31.763977,16.802713,-1.997024
2008-12-30,1833.44,-2.336605,,-17.484227,bottom,2.931879,6.412971,15.972492,34.019909,18.160943,-0.857405
2008-12-31,1817.72,-3.015349,,-17.93076,bottom,5.388769,9.065719,20.767787,34.651746,23.081663,3.216667
2009-02-09,2296.67,16.196525,top,12.540692,,6.961532,4.836565,-4.185355,18.557315,7.209569,-6.80028
2009-02-10,2326.75,16.945563,top,14.003977,,2.484827,-1.07593,-3.764842,17.332017,5.823574,-8.005157
2009-02-11,2331.14,16.685769,top,14.299781,,-2.40082,-1.160217,-4.867907,17.940457,5.624287,-8.178402
2009-02-12,2318.34,15.682562,top,13.806307,,-0.863383,-5.686311,-4.528303,16.173444,6.207459,-7.671437
2009-02-13,2399.06,18.604117,top,17.247478,,-2.308161,-11.404222,-8.415903,15.044834,2.633948,-10.777971
2009-02-16,2462.25,20.71302,top,19.840079,,-2.124967,-12.880764,-9.388121,13.353139,-2.102548,-13.067723
2009-02-17,2385.29,17.17047,top,16.688625,,-3.560756,-10.751071,-2.671958,15.765235,1.056056,-10.262903
2009-02-23,2410.48,16.88889,top,17.868591,,-10.755797,-9.02192,1.192621,15.437586,1.199761,-11.200674
2009-04-14,2676.87,15.313193,top,25.013441,,-0.053435,-6.09728,4.995876,23.863005,5.122774,-6.110868
2009-07-03,3327.14,15.873453,top,26.991451,top,2.116517,5.629393,11.5533,-8.417867,12.884339,0.401246
2009-07-06,3374.75,16.769953,top,27.943585,top,-0.407972,6.214288,11.526082,-12.68708,12.216609,-1.015186
2009-07-09,3396.3,16.061008,top,27.169179,top,3.043059,7.258014,7.562864,-7.094121,11.504579,-1.039072
2009-07-10,3398.31,15.70532,top,26.753731,top,3.512876,7.624834,4.510213,-7.535847,11.438627,-1.097604
2009-07-14,3454.75,16.528621,top,27.449163,top,2.432861,8.355654,2.899308,-6.807324,9.618062,1.115855
2009-07-15,3493.3,17.159884,top,28.071723,top,3.200737,1.849507,-2.783641,-7.538464,8.408382,-2.745255
2009-07-16,3501.24,16.938433,top,27.822616,top,4.214956,3.74424,-1.740738,-7.701622,8.162537,-2.965806
2009-07-17,3519.81,16.992419,top,27.878865,top,4.111958,5.923906,-5.110177,-5.568699,7.591887,-4.981803
2009-07-20,3591.12,18.430206,top,29.395827,top,4.15916,5.311794,-13.415535,-6.130762,5.455401,-12.554579
2009-07-21,3539.83,16.465003,top,27.485726,top,5.922793,6.739246,-10.971955,-4.937963,6.983386,-11.287548
2009-07-22,3606.92,17.770203,top,28.880286,top,-1.35123,3.648269,-17.939702,-7.46942,4.993457,-16.422599
2009-07-23,3651.97,18.384946,top,29.6234,top,-0.470716,0.30485,-14.964684,-6.760183,3.698278,-17.453594
2009-07-24,3667.56,18.18268,top,29.556399,top,1.811948,-3.114621,-13.524517,-7.157167,3.257479,-17.80448
2009-07-27,3743.63,19.6171,top,31.111386,top,1.152634,-5.464734,-14.769744,-12.168257,1.159303,-19.474681
2009-07-28,3755.82,19.330389,top,30.954718,top,0.816452,-5.456346,-18.873857,-12.053555,0.830977,-19.736036
2009-07-30,3634.82,15.11684,,26.835399,top,0.775565,-5.484978,-14.115914,-10.260337,4.187553,-17.064119
2009-07-31,3734.62,17.309657,top,29.113828,top,-4.926569,-11.034083,-20.356078,-9.599053,1.403356,-19.280409
2009-08-03,3787.03,18.163519,top,30.072414,top,-6.617368,-18.727329,-29.120996,-9.743997,-0.01109,-25.264125
2009-08-04,3786.61,17.627429,top,29.629616,top,-6.272799,-17.711201,-28.636514,-9.197003,-1.206092,-25.255836
2009-08-05,3740.94,15.882229,top,27.996029,top,-9.632648,-21.587972,-25.775867,-7.682055,-2.080226,-24.343347
2009-08-31,2830.27,-16.026664,bottom,-4.952755,,9.238714,15.154532,4.907833,22.962155,17.306829,0.474513
2009-09-01,2843.7,-15.494631,bottom,-4.653872,,10.893151,14.961613,4.422668,23.508588,16.752822,1.660864
2009-09-02,2890.93,-13.797872,bottom,-3.195346,,9.998067,11.960892,3.863276,21.681905,14.845396,2.814319
2010-05-07,2836.79,-13.40873,bottom,-16.984466,bottom,1.094876,-2.426273,-3.31143,1.387681,1.766786,-4.303103
2010-05-10,2858.23,-12.470358,bottom,-16.073395,,-5.151373,0.531781,-5.853722,-0.259237,1.003418,-5.685687
2010-05-11,2800.82,-14.317896,bottom,-17.928697,bottom,-1.057767,0.467341,-3.690493,3.399128,3.073743,-3.752472
2010-05-12,2818.16,-13.528918,bottom,-17.137122,bottom,-2.006759,-0.149855,-1.286737,3.489651,2.439535,-4.344679
2010-05-17,2714.72,-16.680908,bottom,-20.273258,bottom,5.683154,2.133471,1.026496,3.676711,5.847749,-0.699888
2010-05-18,2771.35,-14.366644,bottom,-17.990116,bottom,1.525107,-0.985955,-2.750232,2.99299,3.684847,-2.728995
2010-05-19,2762.17,-14.452701,bottom,-18.103433,bottom,1.856903,-0.168125,0.667171,5.627909,4.029441,-2.405717
2010-05-20,2726.02,-15.522996,bottom,-19.184042,bottom,4.797196,0.368357,2.094549,7.634552,5.408985,-1.111511
2010-05-21,2768.79,-13.716895,bottom,-17.430434,bottom,2.901385,-0.885157,-0.372335,5.910082,3.780713,-2.639059
2010-05-31,2773.26,-12.06982,bottom,-16.205939,bottom,-2.835819,-1.106975,-9.335879,2.732705,0.377173,-8.913337
2010-06-01,2744.16,-12.84966,bottom,-17.04419,bottom,-1.646772,-1.764277,-7.963647,4.084648,1.441607,-7.947423
2010-06-02,2757.53,-12.080868,bottom,-16.331016,bottom,0.888147,0.835296,-9.299738,5.55379,0.949763,-8.880411
2010-06-03,2736.08,-12.556123,bottom,-16.872232,bottom,0.508195,1.726192,-6.538681,5.928389,1.741177,-8.166062
2010-06-04,2744.39,-11.964851,bottom,-16.342401,bottom,0.526235,0.512823,-6.15834,4.963326,1.433105,-8.444135
2010-06-07,2695.72,-13.440663,bottom,-17.910058,bottom,1.728844,2.265914,-4.545858,8.03942,3.264434,-6.791136
2010-06-08,2699.34,-13.017532,bottom,-17.548718,bottom,-0.117505,1.359569,-1.95426,7.864823,3.125949,-6.916135
2010-06-18,2696.17,-11.774674,bottom,-16.603222,bottom,1.477074,-6.19937,-3.013612,8.40401,3.247199,-6.806692
2010-06-29,2592.02,-13.514806,bottom,-19.318682,bottom,-1.129806,1.629008,7.565218,9.750262,8.450166,-3.062091
2010-06-30,2563.07,-14.197445,bottom,-20.193044,bottom,0.676967,3.471522,11.091572,12.523796,11.730074,-1.967172
2010-07-01,2526.07,-15.161831,bottom,-21.372376,bottom,1.954202,3.211828,13.042392,13.144148,13.931126,-0.53126
2010-07-02,2534.1,-14.348118,bottom,-20.77712,bottom,4.362616,3.185758,12.407271,12.614804,13.570104,-0.846454
2010-07-05,2512.65,-14.688343,bottom,-21.353617,bottom,6.306738,6.540004,14.931027,15.556367,16.103317,1.999881
2010-07-06,2562.9,-12.235148,bottom,-19.10492,bottom,2.758814,6.736579,11.176743,17.210857,13.826915,0.508018
2010-07-07,2580.48,-11.109657,,-18.162789,bottom,2.794555,6.26541,10.857451,19.398367,13.051448,-0.176711
2010-07-08,2575.92,-10.821195,,-18.098195,bottom,1.257626,7.67081,10.140343,20.838566,13.251576,1.265567
2010-10-25,3481.08,15.919728,top,19.225911,,-0.232382,1.920211,-9.29992,-15.620819,1.938766,-10.834856
2011-12-15,2340.79,-11.23361,,-17.108082,bottom,0.023066,-1.265238,0.207407,11.649917,4.552309,-2.751208
2011-12-21,2339.11,-10.421181,,-16.405042,bottom,-1.34195,-2.095672,6.815488,8.747512,7.05311,-2.681362
2011-12-27,2305.03,-11.074866,,-16.999714,bottom,-1.250284,5.494341,7.567784,5.818222,8.635896,-1.2425
2011-12-28,2307.93,-10.753043,,-16.62522,bottom,-0.753723,3.675242,8.237275,6.173501,8.586049,-1.366593
2011-12-29,2311.36,-10.424843,,-16.231077,bottom,2.44503,1.472645,8.018114,8.357351,8.42491,-1.512962
2012-01-04,2298.75,-10.650479,,-16.296855,bottom,5.783174,5.230659,9.515791,8.198335,9.983252,-0.972703
2012-01-05,2276.39,-11.44815,,-17.016246,bottom,6.744625,8.095906,10.532405,10.158471,11.10706,0.624234
2012-01-06,2290.6,-10.594338,,-16.157039,bottom,4.428965,8.91116,10.083532,9.546098,10.609447,2.4033
2013-06-24,2171.21,-14.513412,bottom,-15.871783,,1.920903,-0.350187,1.41677,13.232454,7.160984,-0.48222
2013-06-25,2165.42,-14.481515,bottom,-16.072874,,2.578435,-0.127077,4.533121,11.417343,7.447516,-0.216124
2013-06-26,2168.3,-14.048488,bottom,-15.874461,,1.625331,2.53909,3.660892,11.49802,7.304801,-0.34866
2013-06-27,2160.74,-14.095165,bottom,-16.154724,bottom,2.794793,7.39959,3.498886,13.469409,7.680239,0.089321
2013-06-28,2200.64,-12.014273,bottom,-14.264522,,1.18398,3.339445,1.056365,10.48428,5.727879,-1.725407
2013-07-08,2163.62,-12.501707,bottom,-15.522667,,6.429526,1.766957,5.165997,12.576544,7.536906,-0.043908
2013-07-09,2162.67,-12.33492,bottom,-15.447701,,6.929646,4.660198,5.879651,11.626781,7.584144,0.614981
2014-12-02,2923.94,15.664916,top,20.887355,,6.069664,12.202022,16.762822,17.878469,18.24969,1.491481
2014-12-03,2967.55,16.758735,top,22.085052,,8.212591,12.438283,17.461161,15.887022,19.078364,4.609863
2014-12-04,3104.35,20.804677,top,26.261906,,2.502294,7.494033,15.960232,13.068658,17.304428,0.082465
2014-12-05,3124.89,21.00336,top,26.582846,,2.163386,7.941406,15.287577,11.923519,16.533382,-0.57538
2014-12-08,3252.88,24.490133,top,30.22317,top,-1.102002,4.260983,11.348359,8.024038,12.017351,-4.487408
2014-12-09,3106.91,19.466752,top,25.315317,,6.132358,6.781695,13.592399,14.531431,17.280192,2.449379
2014-12-10,3221.55,22.577177,top,28.575959,top,4.225692,0.274026,9.616062,11.59648,13.106734,-1.196319
2014-12-11,3183.01,20.882364,top,27.02097,top,4.991739,4.677132,9.880817,15.203679,14.476235,0.32108
2014-12-12,3193.23,20.717061,top,26.976423,top,5.77802,7.613476,9.573343,16.261976,14.109851,0.75159
2014-12-15,3217.23,20.96624,top,27.356591,top,5.362984,7.143485,8.493342,17.852591,13.258611,0.409048
2014-12-16,3303.4,23.026742,top,29.602363,top,0.649337,4.5608,8.712539,15.045241,10.304232,-2.210147
2014-12-17,3360.6,24.136018,top,30.907582,top,-3.951666,5.022878,7.853085,14.695008,8.426769,-3.874606
2014-12-18,3345.93,23.108555,top,30.061357,top,-0.314607,8.466199,0.275478,17.154017,8.902159,-3.453151
2014-12-19,3383.17,23.615974,top,30.753914,top,1.835457,7.346171,0.384991,16.072092,7.703426,-4.515883
2014-12-22,3394.48,23.318149,top,30.671698,top,1.780501,7.087377,4.44843,14.91342,7.344571,-4.834025
2014-12-23,3324.92,20.675568,top,28.215017,top,3.911463,6.810704,7.045029,17.226997,9.590306,-2.843076
2014-12-24,3230.39,17.306424,top,24.977158,,8.974544,9.342036,10.04472,20.659134,12.797216,3.25131
2014-12-25,3335.42,19.956387,top,27.79182,top,8.780806,5.203685,7.855222,20.350127,9.245312,0.59183
2014-12-26,3445.84,22.599858,top,30.632077,top,5.510714,1.959867,3.677789,16.184543,5.744608,-2.631579
2014-12-29,3455.46,22.269539,top,30.492305,top,5.306876,1.349857,2.001562,17.684373,5.450215,-2.902653
2014-12-30,3457.55,21.725243,top,30.13449,top,2.899241,4.151739,0.698916,17.645244,5.386473,-2.961345
2014-12-31,3533.71,23.273889,top,31.873409,top,0.367492,2.830207,-2.850898,16.569721,3.11514,-5.052763
2015-01-05,3641.54,25.591863,top,34.396216,top,-3.577121,-8.190721,-8.226493,15.687188,0.061787,-7.897208
2015-01-06,3641.06,24.886894,top,33.900598,top,-3.550848,-6.96118,-5.754493,16.536295,0.074978,-7.885066
2015-01-07,3643.79,24.266314,top,33.496206,top,-3.957019,-2.638947,-6.872846,15.674703,-0.237116,-7.954081
2015-01-08,3559.26,21.272515,top,30.706439,top,1.252498,0.234325,-5.554537,19.93396,2.132185,-5.768053
2015-01-09,3546.72,20.294279,top,29.917843,top,2.462714,0.702684,-6.834419,22.035852,2.49329,-6.606104
2015-01-12,3513.58,18.741914,top,28.554463,top,-4.6136,2.651537,-4.889377,23.360892,3.460004,-5.725215
2015-01-13,3514.04,18.14338,top,28.140265,top,-3.410332,1.717922,-3.095185,22.039878,3.44646,-5.737556
2015-01-14,3502.42,17.218156,top,27.389421,top,1.318072,0.651705,-1.969345,25.362983,3.789665,-5.424821
2015-01-15,3604.12,19.420902,top,29.802885,top,-1.018173,-3.452823,-4.577221,24.313919,0.860959,-8.093515
2015-01-16,3635.15,19.59736,top,30.211849,top,-1.76003,-5.681105,-4.654477,21.828631,-0.747149,-8.878038
2015-01-21,3548.89,15.45702,top,26.69859,top,-0.666367,-4.233899,-1.996759,28.959,1.665309,-6.66321
2015-01-22,3567.61,15.354226,top,26.844004,top,-2.43465,-5.788861,-0.037006,27.622815,1.13185,-7.152968
2015-01-26,3607.99,15.25654,,27.200642,top,-7.300909,-7.540914,-0.186705,27.327863,-0.18653,-8.192096
2015-04-07,4260.04,15.953442,top,27.816647,top,4.096583,8.093432,6.658028,-3.634226,12.853166,0.049295
2015-04-08,4295.8,16.489356,top,28.181157,top,1.952735,9.835925,3.977074,-10.027804,11.91373,-0.783556
2015-04-09,4262.14,15.420201,top,26.930897,top,5.73126,10.64535,6.72003,-6.384209,12.797562,1.930486
2015-04-10,4344.42,16.974711,top,28.358409,top,5.632456,7.923179,7.665332,-10.076187,10.661262,0.830721
2015-04-13,4421.07,18.32696,top,29.610078,top,2.255493,8.381417,7.121956,-18.808834,8.74268,-0.917425
2015-04-14,4438.18,18.295431,top,29.492297,top,3.996849,6.618508,6.123385,-12.987571,8.323457,-1.299407
2015-04-15,4380.51,16.597561,top,27.696659,top,7.883189,8.608849,7.05633,-6.457946,9.74955,2.044967
2015-04-16,4513.55,19.136307,top,30.173216,top,4.91409,5.103748,2.276295,-6.91915,6.514606,-0.962878
2015-04-17,4596.14,20.507005,top,31.448009,top,2.290723,4.084166,-0.457952,-11.127081,4.6006,-2.742519
2015-04-20,4521.92,18.485014,top,29.299079,top,6.125924,1.643243,4.524641,-13.098704,6.317449,-1.146195
2015-04-21,4619.16,20.053727,top,30.879011,top,2.621659,-1.435404,2.8967,-14.457873,4.079313,-3.22721
2015-04-22,4739.81,22.041453,top,32.881972,top,0.72566,-5.858851,2.112013,-13.252734,2.134474,-5.690523
2015-04-23,4740.89,21.543093,top,32.327014,top,0.189658,-3.92532,4.343135,-13.056318,4.438829,-5.712008
2015-04-24,4702.64,20.239287,top,30.963294,top,1.793443,-0.257847,8.101844,-12.116531,8.43909,-4.945095
2015-04-27,4807.59,21.911647,top,32.603028,top,-4.482681,-1.259461,7.825499,-14.536377,8.139837,-7.020149
2015-04-28,4741.86,20.046816,top,30.68202,top,-4.057063,-0.495123,8.865162,-10.931991,9.638834,-5.731295
2015-04-29,4774.33,20.215416,top,30.824668,top,-6.584511,-1.55252,1.24227,-13.383275,8.893185,-6.372412
2015-04-30,4749.89,19.180305,top,29.78135,top,-4.114978,-2.827452,1.896473,-21.820355,9.453482,-5.890663
2015-05-04,4787.74,19.420421,top,30.038998,top,-2.05129,-4.542118,5.850053,-22.814325,8.588186,-6.634654
2015-05-12,4747.42,15.531488,top,26.323556,,-0.341822,9.08496,11.339443,-20.514816,12.771779,-3.628918
2015-05-22,4951.33,15.604066,top,26.650861,top,-2.257003,5.486021,-6.557784,-19.408143,8.127513,-6.347385
2015-05-25,5099.5,17.951256,top,29.070534,top,-0.458349,4.865475,-6.34287,-28.747684,4.985783,-9.068536
2015-05-26,5198.92,19.24816,top,30.461737,top,-0.715199,2.254483,-6.327905,-29.103453,2.978119,-10.807437
2015-05-27,5181.43,18.298963,top,29.598596,top,-0.73298,2.434313,-9.61323,-32.027656,3.325723,-10.506366
2015-06-02,5161.87,15.6677,top,27.421889,top,2.969683,-1.898032,-19.36696,-53.415975,3.717258,-18.797839
2015-06-04,5181.42,14.819631,,26.933834,top,2.387029,-4.962861,-28.771939,-43.842295,3.325922,-25.002798
2015-06-05,5230.55,15.128999,,27.462042,top,1.979494,-12.043805,-26.858714,-44.063092,2.355393,-25.707239
2015-06-08,5353.75,16.806458,top,29.320133,top,-2.507574,-11.208346,-30.966686,-46.523742,-0.34798,-27.416857
2015-06-09,5317.46,15.502253,top,28.203546,top,-4.867715,-8.582389,-37.270234,-45.732116,0.332113,-31.112975
2015-06-10,5309.11,14.759971,,27.605608,top,-3.259879,-12.047543,-30.905554,-49.061846,0.489913,-31.004632
2015-06-11,5306.59,14.150295,,27.121904,top,-7.34989,-20.195336,-25.636375,-46.477066,0.537633,-30.971867
2015-06-12,5335.12,14.149166,,27.222836,top,-14.023299,-24.124078,-23.641889,-45.073891,-2.135847,-31.341001
2015-06-29,4191.55,-12.84477,bottom,0.205786,,-4.71413,0.482189,-9.315269,-25.041438,6.7147,-12.608939
2015-07-02,4108,-14.955598,bottom,-2.245218,,-5.256762,-2.730215,-7.388816,-23.651456,3.476388,-10.831548
2015-07-03,3885.92,-20.369955,bottom,-7.851427,,5.522593,6.610995,-1.797359,-20.084027,9.390054,-5.735579
2015-07-06,3998.54,-17.420737,bottom,-5.064781,,5.196319,3.97324,-4.326294,-22.185703,6.309053,-8.390563
2015-07-07,3928,-19.0547,bottom,-6.917698,,4.581562,5.882835,0.511926,-17.527516,8.218177,-6.745418
2015-07-08,3663.04,-25.772211,bottom,-13.924422,,7.965624,12.653875,5.415975,-9.228667,16.045962,4.041725
2015-07-09,3897.63,-19.374432,bottom,-7.79288,,2.526547,8.674088,-1.702096,-12.266423,9.061404,-2.220324
2015-07-10,4106.56,-14.056172,bottom,-2.688296,,1.088402,1.68352,-4.983124,-17.565018,3.512672,-7.195073
2015-07-14,4112.15,-13.642681,bottom,-2.792471,,1.301274,-7.603077,-1.112152,-16.495873,3.371959,-7.321231
2015-07-15,3966.76,-17.045811,bottom,-6.457437,,4.688251,-0.921353,1.236911,-11.549946,7.160756,-3.924361
2015-07-16,3997.36,-16.056808,bottom,-5.815383,,6.147541,-4.658601,1.934948,-12.315284,6.340435,-4.659825
2015-07-17,4151.5,-12.064128,bottom,-2.180274,,0.595118,-8.408354,-1.895731,-14.874958,2.392147,-8.199687
2015-07-27,3818.73,-19.062379,bottom,-11.187953,,0.274844,6.724714,-15.343822,-8.006017,6.955978,-14.224624
2015-07-28,3811.09,-18.909749,bottom,-11.452452,,3.533441,6.490925,-22.509437,-7.568013,7.17039,-20.155913
2015-07-29,3930.38,-15.58613,bottom,-8.467035,,-1.628296,2.158264,-26.159695,-10.62831,3.917687,-23.017876
2015-07-30,3815.41,-18.286817,bottom,-11.525688,,0.429959,6.593549,-17.413637,-9.317743,7.049046,-20.698169
2015-07-31,3816.7,-18.015012,bottom,-11.565672,,2.336828,6.512623,-13.272997,-9.653214,7.012865,-20.724972
2015-08-03,3829.24,-17.420723,bottom,-11.320759,,6.44987,6.290844,-12.878084,-5.383599,6.662419,-20.984582
2015-08-04,3948.16,-14.090568,bottom,-8.375313,,2.957484,-3.1584,-16.068982,-6.330461,3.449708,-23.364555
2015-08-05,3866.9,-15.846847,bottom,-10.562535,,3.78656,0.496322,-13.877856,-1.919835,5.623626,-21.754118
2015-08-06,3831.85,-16.430731,bottom,-11.567257,,6.163591,-1.854319,-16.454196,0.221579,6.589767,-21.038402
2015-08-07,3906.94,-14.196662,bottom,-9.723396,,4.175794,-8.47304,-15.857568,-1.904406,4.54115,-22.556016
2015-08-18,3825.41,-14.305045,bottom,-12.566124,,-22.884478,-12.910582,-16.701868,-1.327322,1.587542,-20.905472
2015-08-19,3886.14,-12.233019,bottom,-11.051223,,-25.027721,-14.374179,-17.837069,-2.918025,-3.208582,-22.141508
2015-08-20,3761.45,-14.953876,bottom,-14.343161,,-15.989276,-14.599877,-12.838517,-0.215841,-4.570312,-19.560542
2015-08-21,3589.54,-19.155966,bottom,-19.036876,bottom,-7.136786,-7.384528,-7.234371,4.476858,-5.299565,-15.708141
2015-08-24,3275.53,-27.708508,bottom,-28.142308,bottom,2.740582,3.709278,-0.382348,14.367016,3.77893,-7.627468
2015-08-25,3042.93,-34.287109,bottom,-35.421094,bottom,9.973896,9.839365,7.654578,21.144648,11.711738,-0.566559
2015-08-26,3025.69,-34.021412,bottom,-35.902204,bottom,10.653542,10.098202,6.594651,16.177552,12.348258,4.182187
2015-08-27,3205.64,-27.481602,bottom,-30.061046,bottom,1.3894,2.327612,1.150998,10.664773,6.041539,-1.666126
2015-08-28,3342.29,-22.578074,bottom,-25.852276,bottom,-0.247742,-5.854606,-5.01367,7.196943,1.706016,-5.68652
2015-08-31,3366.54,-21.110731,bottom,-25.098899,bottom,0.968696,-1.716393,-4.981325,10.036221,0.973403,-6.365883
2015-09-01,3362.08,-20.441734,bottom,-25.187015,bottom,-0.134531,-3.791286,-1.97046,10.900933,1.10735,-6.241672
2015-09-02,3365.83,-19.538524,bottom,-25.027006,bottom,-0.55534,-3.46289,-0.766785,8.858306,0.994703,-6.346132
2015-09-07,3250.49,-22.183421,bottom,-28.426107,bottom,0.938212,1.761359,5.889869,12.61728,6.066778,-3.022929
2015-09-08,3334.02,-18.832621,bottom,-25.807139,bottom,-5.606864,0.150156,3.275673,8.312915,3.409398,-5.452577
2015-09-09,3399.31,-16.088429,bottom,-23.78147,bottom,-2.685089,-4.091626,0.199841,6.72952,1.42323,-7.268534
2015-09-10,3357.56,-16.54325,bottom,-24.924034,bottom,-3.656754,-2.184787,3.777276,7.610997,3.849522,-6.115453
2015-09-11,3347.19,-16.127342,bottom,-25.127812,bottom,-2.90755,-3.503552,5.432899,7.504904,5.583191,-5.824587
2015-09-14,3281.13,-17.330325,bottom,-26.987258,bottom,0.823147,-1.176614,7.429343,12.319973,7.712282,-3.928525
2015-09-15,3152.23,-20.575624,bottom,-30.835742,bottom,5.757021,0.840936,12.661,15.870531,13.497429,0.844482
2015-09-16,3309.25,-15.141356,bottom,-25.851943,bottom,-1.406537,-3.264932,4.836918,10.766834,8.11211,-3.94047
2015-09-17,3237,-16.675998,bottom,-27.920661,bottom,1.471968,1.820826,8.510012,14.86783,10.525178,-1.796416
2015-09-18,3251.27,-15.523744,bottom,-27.340407,bottom,-0.596002,2.696105,9.386719,14.747478,10.040077,-2.227437
2015-09-21,3308.25,-13.170771,bottom,-25.450841,bottom,-1.999761,4.128509,8.15267,15.579069,8.494219,-3.911434
2015-09-22,3339.03,-11.803331,bottom,-24.385562,bottom,-4.916085,3.125517,7.327376,14.931167,7.602507,-4.797202
2015-09-23,3263.03,-13.693025,bottom,-26.519477,bottom,-1.858395,4.291467,7.720153,16.966246,10.108703,-2.579811
2015-09-24,3285,-12.49143,bottom,-25.683788,bottom,0.348858,5.962063,7.286846,15.334148,9.372298,-3.231355
2015-09-25,3231.95,-13.661266,bottom,-27.127548,bottom,3.292106,8.936451,8.936734,17.191784,11.167561,-1.642971
2015-09-28,3242.75,-12.937679,bottom,-26.593761,bottom,6.128271,8.605957,6.944896,13.935091,10.797317,-1.97055
2015-09-29,3178.85,-14.608084,bottom,-28.363732,bottom,8.041602,11.820064,8.633454,16.839668,13.024521,0.758136
2015-09-30,3202.95,-13.491723,bottom,-27.399143,bottom,6.149862,8.101849,12.47581,16.172341,13.287438,2.920121
2015-10-08,3296.48,-10.325874,,-24.313325,bottom,5.613205,6.689186,11.70898,12.382106,12.422038,1.323836
2015-10-09,3340.12,-8.863367,,-22.783664,bottom,5.644345,6.690614,12.724807,3.787981,13.569872,1.975678
2015-10-12,3447.69,-5.487915,,-19.41693,bottom,2.477686,4.024161,10.785907,0.897722,11.389075,-1.206025
2015-10-13,3445.04,-5.261637,,-19.307443,bottom,3.778462,4.201859,10.677488,2.713754,11.474758,-1.13003
2015-10-14,3406.11,-6.027606,,-20.222814,bottom,1.951988,3.428686,11.824647,-3.335289,12.748854,1.743338
2015-10-15,3486.81,-3.39746,,-17.659214,bottom,1.075982,1.324783,8.478145,-3.658213,10.139354,-0.611447
2015-10-21,3473.25,-2.785511,,-17.142873,bottom,1.476699,4.373961,6.744403,-7.522194,10.569351,-0.223422
2016-01-11,3192.45,-13.696681,bottom,-12.860471,,-1.952244,-2.011034,-8.009935,0.811123,0.960704,-10.609093
2016-01-12,3215.71,-12.825643,bottom,-11.954944,,0.230166,-8.946514,-5.716482,1.410225,0.230431,-11.255679
2016-01-13,3155.88,-14.511228,bottom,-13.603824,,0.584496,-7.414551,-2.976808,3.730389,2.130626,-9.573241
2016-01-14,3221.57,-12.336056,bottom,-11.327023,,-4.450101,-12.12314,-5.351485,1.559678,0.048113,-11.417104
2016-01-15,3118.73,-15.394604,bottom,-14.329133,,-0.169122,-5.6947,-2.176638,3.457628,3.347196,-8.496087
2016-01-18,3130.73,-14.808545,bottom,-13.707166,,-0.05879,-7.619346,-0.379545,3.37823,2.951069,-8.846818
2016-01-19,3223.12,-11.731952,bottom,-10.560008,,-9.17668,-8.471134,-4.238588,-1.314479,-1.512199,-11.459704
2016-01-20,3174.38,-13.063067,bottom,-11.850406,,-7.999047,-7.376829,-2.063432,-0.435045,-1.433036,-10.10024
2016-01-21,3081.35,-15.832939,bottom,-14.652767,,-7.673039,-3.184847,-5.421237,2.990832,1.54283,-7.386048
2016-01-22,3113.46,-14.602228,bottom,-13.452996,,-5.525578,-4.926579,-5.45975,1.547958,0.49559,-8.341202
2016-01-25,3128.89,-13.920253,bottom,-12.770934,,-7.560557,-5.998902,-8.376687,1.59387,-0.320241,-8.793214
2016-01-26,2940.51,-19.881317,bottom,-18.77517,bottom,0.705546,3.230032,-0.334515,7.386066,6.065614,-2.950169
2016-01-27,2930.35,-19.978496,bottom,-18.912879,bottom,0.622218,4.437743,4.045569,7.563369,6.433361,-2.613681
2016-01-28,2853.76,-22.265425,bottom,-21.331455,bottom,4.488192,6.771655,6.926102,10.090559,9.289849,0.830834
2016-01-29,2946.09,-18.725444,bottom,-17.910625,bottom,0.598999,3.518062,4.895033,8.689427,5.864722,-2.329189
2016-02-01,2901.05,-19.846577,bottom,-19.222576,bottom,1.561655,7.239802,6.788944,10.102996,7.508316,-0.812809
2016-02-02,2961.33,-17.375048,bottom,-16.959459,bottom,2.524487,4.232546,4.823476,8.185288,5.319907,-2.831836
2016-02-03,2948.64,-17.385158,bottom,-17.16104,bottom,3.815525,5.313397,4.095547,5.980077,5.77317,-2.413655
2016-02-04,2984.76,-15.763562,bottom,-15.681408,,2.283463,-2.23639,0.94667,2.673049,4.493159,-3.594594
2016-02-05,2963.79,-16.071218,bottom,-16.122881,,2.919063,-0.53317,1.821828,3.491876,5.232489,-2.912487
2016-02-15,2946.71,-16.26558,bottom,-16.444592,bottom,5.678146,-2.377786,3.958337,4.515222,5.842448,-2.349739
2016-02-16,3037.04,-12.896052,bottom,-13.175739,,1.708059,-3.564547,1.235,1.733304,2.6944,-5.254129
2016-02-17,3063.32,-11.698605,bottom,-12.070874,,1.497873,-0.392173,0.86815,0.378609,1.813392,-6.066947
2016-02-18,3053.7,-11.69227,bottom,-12.13817,,-4.519853,0.154447,2.282428,1.353409,2.308675,-5.771032
2016-02-25,2918.75,-14.473314,bottom,-15.918116,,4.6743,3.18306,8.630735,5.611557,11.32985,-1.414304
2016-02-26,2948.03,-13.073443,bottom,-14.896835,,4.829205,2.354998,8.133218,3.844049,10.224116,-2.393463
2016-02-29,2877.47,-15.158358,bottom,-17.283301,bottom,7.605075,6.336123,9.673497,6.125181,12.926981,1.849541
2016-03-01,2930.69,-13.008785,bottom,-15.383644,,5.863536,4.799546,6.752206,4.45519,10.876278,2.813672
2018-07-05,3342.44,-11.685829,bottom,-16.133155,,4.063577,2.53751,0.849649,2.843894,7.158543,0.678546
2019-02-25,3729.48,15.840718,top,14.785485,,1.717841,0.012601,0.35732,-3.702807,3.278473,-1.927883
2019-03-04,3794.1,16.083672,top,16.054214,,-1.70524,1.508036,4.63083,-4.427243,4.739727,-3.598218
2019-03-05,3816.01,16.328128,top,16.510203,,-1.602388,0.469284,3.98856,-4.941916,4.138354,-4.151719
2019-03-06,3848.09,16.863817,top,17.215154,,-3.272754,-0.329276,4.424215,-6.706817,4.523543,-4.950768
2019-03-07,3808.85,15.561811,top,16.064988,,-2.940268,0.733484,6.440478,-5.719656,6.652402,-3.97154
2020-03-23,3530.31,-12.774411,bottom,-11.458402,,3.992524,7.309419,7.573156,14.92866,9.153587,2.685317
2020-07-06,4670.09,16.500823,top,16.50267,,3.841048,0.218387,2.144256,-1.90624,3.91577,-3.522416
2020-07-07,4698.13,16.721298,top,16.984941,,2.284414,-0.151025,1.639694,-2.289245,3.295567,-4.098226
2020-07-08,4774,17.907501,top,18.451506,,-0.62048,-1.255227,0.065123,-3.987111,1.653959,-5.622329
2020-07-09,4840.77,18.859778,top,19.697671,,-6.93918,-2.686798,-1.624647,-3.353213,0.251819,-6.924105
2020-07-10,4753.13,16.624481,top,17.736384,,-4.484163,-5.34845,-0.955503,1.462597,2.1003,-5.207937
2020-07-13,4852.96,18.248716,top,19.670881,,-3.622662,-6.920911,-2.674878,-0.283941,-0.953439,-7.1579
2020-07-14,4806.69,16.887166,top,18.578435,,-2.435439,-5.087631,-2.633032,0.008529,-0.615392,-6.264186
2022-03-09,4226.35,-11.674398,bottom,-13.174353,,-1.676641,1.180086,0.104527,-1.206391,1.896909,-5.738758
2022-03-14,4174.76,-12.072565,bottom,-14.034658,,1.991882,-0.631728,-0.842389,1.13255,2.437505,-4.573916
2022-03-15,3983.81,-16.364426,bottom,-18.545254,bottom,6.592662,3.704068,5.083672,7.129839,7.347489,2.918312
2022-03-16,4156.08,-11.813134,bottom,-14.162776,,2.856727,2.33109,0.783004,2.236078,2.897923,-1.347664
2022-04-25,3814.91,-13.623865,bottom,-19.376191,bottom,4.992654,3.700872,4.563577,10.522866,6.885877,-0.807096
2022-04-26,3784.12,-14.05411,bottom,-19.992008,bottom,3.242218,5.262693,5.580595,10.727617,7.755568,2.466095
2022-04-27,3895.54,-10.810579,,-16.907247,bottom,-0.465717,1.55376,3.369086,8.614034,4.67355,-0.464634
2022-05-09,3877.44,-9.933036,,-16.551476,bottom,2.019476,4.452397,7.492795,5.752256,7.780649,1.094279
2022-10-31,3508.7,-12.162046,bottom,-15.19467,,7.323425,7.818054,6.203089,16.951438,10.182404,3.575968
2024-09-30,4017.85,17.742165,top,14.788097,,-1.416458,-2.078523,-1.835882,-0.46901,5.929788,-5.715246
2024-10-08,4256.1,23.094949,top,20.375819,,-9.872546,-7.266999,-5.097801,-7.846524,-4.970043,-10.993163
2024-10-09,3955.98,15.50942,top,12.961963,,-3.19485,0.434597,1.711765,-3.487323,2.239395,-4.240669
2024-10-10,3997.79,16.286614,top,13.895125,,-5.384546,-1.740004,3.632994,-5.729894,3.699794,-5.242146
